﻿{"gpos":[{"Properties":{"highvalue":false,"name":"DEFAULT DOMAIN CONTROLLERS POLICY@OFFSEC.NL","domain":"OFFSEC.NL","objectid":"D889D7AA-BFD3-4947-A206-EE5C9968E152","distinguishedname":"CN={6AC1786C-016F-11D2-945F-00C04fB984F9},CN=Policies,CN=System,DC=offsec,DC=nl","description":null,"gpcpath":"\\\\offsec.nl\\sysvol\\offsec.nl\\Policies\\{6AC1786C-016F-11D2-945F-00C04fB984F9}"},"ObjectIdentifier":"D889D7AA-BFD3-4947-A206-EE5C9968E152","Aces":[{"PrincipalSID":"S-1-5-21-3509477529-2169914037-1395257886-512","PrincipalType":"Group","RightName":"Owner","AceType":"","IsInherited":false},{"PrincipalSID":"S-1-5-21-3509477529-2169914037-1395257886-512","PrincipalType":"Group","RightName":"WriteDacl","AceType":"","IsInherited":false},{"PrincipalSID":"S-1-5-21-3509477529-2169914037-1395257886-512","PrincipalType":"Group","RightName":"WriteOwner","AceType":"","IsInherited":false},{"PrincipalSID":"S-1-5-21-3509477529-2169914037-1395257886-512","PrincipalType":"Group","RightName":"GenericWrite","AceType":"","IsInherited":false},{"PrincipalSID":"S-1-5-21-3509477529-2169914037-1395257886-512","PrincipalType":"Group","RightName":"WriteDacl","AceType":"","IsInherited":false},{"PrincipalSID":"S-1-5-21-3509477529-2169914037-1395257886-512","PrincipalType":"Group","RightName":"WriteOwner","AceType":"","IsInherited":false},{"PrincipalSID":"S-1-5-21-3509477529-2169914037-1395257886-512","PrincipalType":"Group","RightName":"GenericWrite","AceType":"","IsInherited":false},{"PrincipalSID":"S-1-5-21-3509477529-2169914037-1395257886-519","PrincipalType":"Group","RightName":"WriteDacl","AceType":"","IsInherited":false},{"PrincipalSID":"S-1-5-21-3509477529-2169914037-1395257886-519","PrincipalType":"Group","RightName":"WriteOwner","AceType":"","IsInherited":false},{"PrincipalSID":"S-1-5-21-3509477529-2169914037-1395257886-519","PrincipalType":"Group","RightName":"GenericWrite","AceType":"","IsInherited":false}]},{"Properties":{"highvalue":false,"name":"DEFAULT DOMAIN POLICY@OFFSEC.NL","domain":"OFFSEC.NL","objectid":"D3D65517-AE16-4C99-87AF-4E6D262FE859","distinguishedname":"CN={31B2F340-016D-11D2-945F-00C04FB984F9},CN=Policies,CN=System,DC=offsec,DC=nl","description":null,"gpcpath":"\\\\offsec.nl\\sysvol\\offsec.nl\\Policies\\{31B2F340-016D-11D2-945F-00C04FB984F9}"},"ObjectIdentifier":"D3D65517-AE16-4C99-87AF-4E6D262FE859","Aces":[{"PrincipalSID":"S-1-5-21-3509477529-2169914037-1395257886-512","PrincipalType":"Group","RightName":"Owner","AceType":"","IsInherited":false},{"PrincipalSID":"S-1-5-21-3509477529-2169914037-1395257886-512","PrincipalType":"Group","RightName":"WriteDacl","AceType":"","IsInherited":false},{"PrincipalSID":"S-1-5-21-3509477529-2169914037-1395257886-512","PrincipalType":"Group","RightName":"WriteOwner","AceType":"","IsInherited":false},{"PrincipalSID":"S-1-5-21-3509477529-2169914037-1395257886-512","PrincipalType":"Group","RightName":"GenericWrite","AceType":"","IsInherited":false},{"PrincipalSID":"S-1-5-21-3509477529-2169914037-1395257886-512","PrincipalType":"Group","RightName":"WriteDacl","AceType":"","IsInherited":false},{"PrincipalSID":"S-1-5-21-3509477529-2169914037-1395257886-512","PrincipalType":"Group","RightName":"WriteOwner","AceType":"","IsInherited":false},{"PrincipalSID":"S-1-5-21-3509477529-2169914037-1395257886-512","PrincipalType":"Group","RightName":"GenericWrite","AceType":"","IsInherited":false},{"PrincipalSID":"S-1-5-21-3509477529-2169914037-1395257886-519","PrincipalType":"Group","RightName":"WriteDacl","AceType":"","IsInherited":false},{"PrincipalSID":"S-1-5-21-3509477529-2169914037-1395257886-519","PrincipalType":"Group","RightName":"WriteOwner","AceType":"","IsInherited":false},{"PrincipalSID":"S-1-5-21-3509477529-2169914037-1395257886-519","PrincipalType":"Group","RightName":"GenericWrite","AceType":"","IsInherited":false}]}],"meta":{"count":2,"type":"gpos","version":3}}