﻿{"domains":[{"Properties":{"highvalue":true,"name":"OFFSEC.NL","domain":"OFFSEC.NL","objectid":"S-1-5-21-3509477529-2169914037-1395257886","distinguishedname":"DC=offsec,DC=nl","description":null,"functionallevel":"2016"},"Users":["S-1-5-21-3509477529-2169914037-1395257886-502","S-1-5-21-3509477529-2169914037-1395257886-500","S-1-5-21-3509477529-2169914037-1395257886-501"],"Computers":["S-1-5-21-3509477529-2169914037-1395257886-4601"],"ChildOus":["6F611E9B-8821-4664-87B8-56778535485A","59394547-FFB5-4FAC-A6A8-32992A8B8E25","5F51CE5D-E641-4EFE-A9C2-EF71CA6F802C","C5A1D113-1331-4F54-8DCE-7903384F1B1D","A8E15E8D-6745-41D0-8438-E4EB23DCBD4C","4B7A21D2-8571-4A06-A46C-F85179E44F35","1C993444-4330-46B6-AB42-92BA0946B6E8","3D46A6D1-E8C5-4A50-A212-AFC87970B63B","6641A848-DC0B-4BE4-B652-47692B921AFD","019A2909-B340-449D-98D2-4A44F0AEF4EA"],"Trusts":[],"Links":[{"IsEnforced":false,"Guid":"D3D65517-AE16-4C99-87AF-4E6D262FE859"}],"RemoteDesktopUsers":[],"LocalAdmins":[],"DcomUsers":[],"PSRemoteUsers":[],"ObjectIdentifier":"S-1-5-21-3509477529-2169914037-1395257886","Aces":[{"PrincipalSID":"OFFSEC.NL-S-1-5-32-544","PrincipalType":"Group","RightName":"Owner","AceType":"","IsInherited":false},{"PrincipalSID":"OFFSEC.NL-S-1-5-32-544","PrincipalType":"Group","RightName":"WriteDacl","AceType":"","IsInherited":false},{"PrincipalSID":"OFFSEC.NL-S-1-5-32-544","PrincipalType":"Group","RightName":"WriteOwner","AceType":"","IsInherited":false},{"PrincipalSID":"OFFSEC.NL-S-1-5-32-544","PrincipalType":"Group","RightName":"ExtendedRight","AceType":"All","IsInherited":false},{"PrincipalSID":"S-1-5-21-3509477529-2169914037-1395257886-512","PrincipalType":"Group","RightName":"WriteDacl","AceType":"","IsInherited":false},{"PrincipalSID":"S-1-5-21-3509477529-2169914037-1395257886-512","PrincipalType":"Group","RightName":"WriteOwner","AceType":"","IsInherited":false},{"PrincipalSID":"S-1-5-21-3509477529-2169914037-1395257886-512","PrincipalType":"Group","RightName":"ExtendedRight","AceType":"All","IsInherited":false},{"PrincipalSID":"S-1-5-21-3509477529-2169914037-1395257886-519","PrincipalType":"Group","RightName":"GenericAll","AceType":"","IsInherited":false},{"PrincipalSID":"OFFSEC.NL-S-1-5-9","PrincipalType":"Group","RightName":"ExtendedRight","AceType":"GetChanges","IsInherited":false},{"PrincipalSID":"OFFSEC.NL-S-1-5-32-544","PrincipalType":"Group","RightName":"ExtendedRight","AceType":"GetChanges","IsInherited":false},{"PrincipalSID":"OFFSEC.NL-S-1-5-32-544","PrincipalType":"Group","RightName":"ExtendedRight","AceType":"GetChangesAll","IsInherited":false},{"PrincipalSID":"S-1-5-21-3509477529-2169914037-1395257886-498","PrincipalType":"Group","RightName":"ExtendedRight","AceType":"GetChanges","IsInherited":false},{"PrincipalSID":"S-1-5-21-3509477529-2169914037-1395257886-516","PrincipalType":"Group","RightName":"ExtendedRight","AceType":"GetChangesAll","IsInherited":false}]}],"meta":{"count":1,"type":"domains","version":3}}