﻿{"data":[{"ChildObjects":[{"ObjectIdentifier":"43580793-1273-4198-8042-33290FAD2185","ObjectType":"OU"},{"ObjectIdentifier":"74F43C91-02CE-4E3C-9E33-9EE702277DBF","ObjectType":"OU"},{"ObjectIdentifier":"F59D5CD8-64CE-42AB-B5AD-E54A73332778","ObjectType":"Container"},{"ObjectIdentifier":"E863BEAA-96B3-4FAD-8FE0-9DE69A05885A","ObjectType":"OU"},{"ObjectIdentifier":"F95B8696-6755-4C3A-B1AA-526950BA717C","ObjectType":"Container"},{"ObjectIdentifier":"0ACBE38F-559B-4FC0-9730-6ADE4A8BCFC9","ObjectType":"OU"},{"ObjectIdentifier":"065FA484-1607-4343-9344-9157A7D8D88F","ObjectType":"Container"},{"ObjectIdentifier":"9F9BDC35-04EB-459E-A10E-06E7B4453B99","ObjectType":"Container"},{"ObjectIdentifier":"BFEA1A8D-0EAF-4160-AB60-BF4EF57AE508","ObjectType":"OU"},{"ObjectIdentifier":"416432D6-FD75-45EE-89D6-ADD08BC1651D","ObjectType":"OU"},{"ObjectIdentifier":"DCD7145F-F6D7-4AA9-A5AF-B7F771FBFC9F","ObjectType":"OU"},{"ObjectIdentifier":"B4F2A032-03C1-4B4F-A53C-DDE4A567E51A","ObjectType":"OU"},{"ObjectIdentifier":"D5F449D6-98B9-459D-8AA3-841FFF8B66BF","ObjectType":"OU"},{"ObjectIdentifier":"F9F6203A-DF8D-47AF-BAEE-F95E815EF37C","ObjectType":"OU"},{"ObjectIdentifier":"E7BC22FF-5DF0-4D9E-8425-1CD831B68008","ObjectType":"Container"}],"Trusts":[],"Links":[{"IsEnforced":false,"GUID":"AD14A610-850A-42FB-BC93-26C57C3649F6"}],"Aces":[{"PrincipalSID":"OFFSEC.NL-S-1-5-32-544","PrincipalType":"Group","RightName":"Owns","IsInherited":false},{"PrincipalSID":"OFFSEC.NL-S-1-5-32-544","PrincipalType":"Group","RightName":"WriteDacl","IsInherited":false},{"PrincipalSID":"OFFSEC.NL-S-1-5-32-544","PrincipalType":"Group","RightName":"WriteOwner","IsInherited":false},{"PrincipalSID":"OFFSEC.NL-S-1-5-32-544","PrincipalType":"Group","RightName":"AllExtendedRights","IsInherited":false},{"PrincipalSID":"S-1-5-21-1371919101-1241663934-1364340945-512","PrincipalType":"Group","RightName":"WriteDacl","IsInherited":false},{"PrincipalSID":"S-1-5-21-1371919101-1241663934-1364340945-512","PrincipalType":"Group","RightName":"WriteOwner","IsInherited":false},{"PrincipalSID":"S-1-5-21-1371919101-1241663934-1364340945-512","PrincipalType":"Group","RightName":"AllExtendedRights","IsInherited":false},{"PrincipalSID":"S-1-5-21-1371919101-1241663934-1364340945-519","PrincipalType":"Group","RightName":"GenericAll","IsInherited":false},{"PrincipalSID":"OFFSEC.NL-S-1-5-9","PrincipalType":"Group","RightName":"GetChanges","IsInherited":false},{"PrincipalSID":"OFFSEC.NL-S-1-5-32-544","PrincipalType":"Group","RightName":"GetChangesAll","IsInherited":false},{"PrincipalSID":"OFFSEC.NL-S-1-5-32-544","PrincipalType":"Group","RightName":"GetChanges","IsInherited":false},{"PrincipalSID":"S-1-5-21-1371919101-1241663934-1364340945-498","PrincipalType":"Group","RightName":"GetChanges","IsInherited":false},{"PrincipalSID":"S-1-5-21-1371919101-1241663934-1364340945-516","PrincipalType":"Group","RightName":"GetChangesAll","IsInherited":false}],"ObjectIdentifier":"S-1-5-21-1371919101-1241663934-1364340945","IsDeleted":false,"IsACLProtected":false,"GPOChanges":{"LocalAdmins":[],"RemoteDesktopUsers":[],"DcomUsers":[],"PSRemoteUsers":[],"AffectedComputers":[{"ObjectIdentifier":"S-1-5-21-1371919101-1241663934-1364340945-1000","ObjectType":"Computer"},{"ObjectIdentifier":"S-1-5-21-1371919101-1241663934-1364340945-4090","ObjectType":"Computer"},{"ObjectIdentifier":"S-1-5-21-1371919101-1241663934-1364340945-4091","ObjectType":"Computer"},{"ObjectIdentifier":"S-1-5-21-1371919101-1241663934-1364340945-4092","ObjectType":"Computer"},{"ObjectIdentifier":"S-1-5-21-1371919101-1241663934-1364340945-4093","ObjectType":"Computer"},{"ObjectIdentifier":"S-1-5-21-1371919101-1241663934-1364340945-4094","ObjectType":"Computer"},{"ObjectIdentifier":"S-1-5-21-1371919101-1241663934-1364340945-4095","ObjectType":"Computer"},{"ObjectIdentifier":"S-1-5-21-1371919101-1241663934-1364340945-4096","ObjectType":"Computer"},{"ObjectIdentifier":"S-1-5-21-1371919101-1241663934-1364340945-4097","ObjectType":"Computer"},{"ObjectIdentifier":"S-1-5-21-1371919101-1241663934-1364340945-4098","ObjectType":"Computer"},{"ObjectIdentifier":"S-1-5-21-1371919101-1241663934-1364340945-4099","ObjectType":"Computer"},{"ObjectIdentifier":"S-1-5-21-1371919101-1241663934-1364340945-4100","ObjectType":"Computer"},{"ObjectIdentifier":"S-1-5-21-1371919101-1241663934-1364340945-4101","ObjectType":"Computer"},{"ObjectIdentifier":"S-1-5-21-1371919101-1241663934-1364340945-4102","ObjectType":"Computer"},{"ObjectIdentifier":"S-1-5-21-1371919101-1241663934-1364340945-4103","ObjectType":"Computer"},{"ObjectIdentifier":"S-1-5-21-1371919101-1241663934-1364340945-4104","ObjectType":"Computer"},{"ObjectIdentifier":"S-1-5-21-1371919101-1241663934-1364340945-4105","ObjectType":"Computer"},{"ObjectIdentifier":"S-1-5-21-1371919101-1241663934-1364340945-4106","ObjectType":"Computer"},{"ObjectIdentifier":"S-1-5-21-1371919101-1241663934-1364340945-4107","ObjectType":"Computer"},{"ObjectIdentifier":"S-1-5-21-1371919101-1241663934-1364340945-4108","ObjectType":"Computer"},{"ObjectIdentifier":"S-1-5-21-1371919101-1241663934-1364340945-4109","ObjectType":"Computer"},{"ObjectIdentifier":"S-1-5-21-1371919101-1241663934-1364340945-4110","ObjectType":"Computer"},{"ObjectIdentifier":"S-1-5-21-1371919101-1241663934-1364340945-4111","ObjectType":"Computer"},{"ObjectIdentifier":"S-1-5-21-1371919101-1241663934-1364340945-4112","ObjectType":"Computer"},{"ObjectIdentifier":"S-1-5-21-1371919101-1241663934-1364340945-4113","ObjectType":"Computer"},{"ObjectIdentifier":"S-1-5-21-1371919101-1241663934-1364340945-4114","ObjectType":"Computer"},{"ObjectIdentifier":"S-1-5-21-1371919101-1241663934-1364340945-4115","ObjectType":"Computer"},{"ObjectIdentifier":"S-1-5-21-1371919101-1241663934-1364340945-4116","ObjectType":"Computer"},{"ObjectIdentifier":"S-1-5-21-1371919101-1241663934-1364340945-4117","ObjectType":"Computer"},{"ObjectIdentifier":"S-1-5-21-1371919101-1241663934-1364340945-4118","ObjectType":"Computer"},{"ObjectIdentifier":"S-1-5-21-1371919101-1241663934-1364340945-4119","ObjectType":"Computer"},{"ObjectIdentifier":"S-1-5-21-1371919101-1241663934-1364340945-4120","ObjectType":"Computer"},{"ObjectIdentifier":"S-1-5-21-1371919101-1241663934-1364340945-4121","ObjectType":"Computer"},{"ObjectIdentifier":"S-1-5-21-1371919101-1241663934-1364340945-4122","ObjectType":"Computer"},{"ObjectIdentifier":"S-1-5-21-1371919101-1241663934-1364340945-4123","ObjectType":"Computer"},{"ObjectIdentifier":"S-1-5-21-1371919101-1241663934-1364340945-4124","ObjectType":"Computer"},{"ObjectIdentifier":"S-1-5-21-1371919101-1241663934-1364340945-4125","ObjectType":"Computer"},{"ObjectIdentifier":"S-1-5-21-1371919101-1241663934-1364340945-4126","ObjectType":"Computer"},{"ObjectIdentifier":"S-1-5-21-1371919101-1241663934-1364340945-4127","ObjectType":"Computer"},{"ObjectIdentifier":"S-1-5-21-1371919101-1241663934-1364340945-4128","ObjectType":"Computer"},{"ObjectIdentifier":"S-1-5-21-1371919101-1241663934-1364340945-4129","ObjectType":"Computer"},{"ObjectIdentifier":"S-1-5-21-1371919101-1241663934-1364340945-4130","ObjectType":"Computer"},{"ObjectIdentifier":"S-1-5-21-1371919101-1241663934-1364340945-4131","ObjectType":"Computer"},{"ObjectIdentifier":"S-1-5-21-1371919101-1241663934-1364340945-4132","ObjectType":"Computer"},{"ObjectIdentifier":"S-1-5-21-1371919101-1241663934-1364340945-4133","ObjectType":"Computer"},{"ObjectIdentifier":"S-1-5-21-1371919101-1241663934-1364340945-4134","ObjectType":"Computer"},{"ObjectIdentifier":"S-1-5-21-1371919101-1241663934-1364340945-4135","ObjectType":"Computer"},{"ObjectIdentifier":"S-1-5-21-1371919101-1241663934-1364340945-4136","ObjectType":"Computer"},{"ObjectIdentifier":"S-1-5-21-1371919101-1241663934-1364340945-4137","ObjectType":"Computer"},{"ObjectIdentifier":"S-1-5-21-1371919101-1241663934-1364340945-4138","ObjectType":"Computer"},{"ObjectIdentifier":"S-1-5-21-1371919101-1241663934-1364340945-4139","ObjectType":"Computer"},{"ObjectIdentifier":"S-1-5-21-1371919101-1241663934-1364340945-4140","ObjectType":"Computer"},{"ObjectIdentifier":"S-1-5-21-1371919101-1241663934-1364340945-4141","ObjectType":"Computer"},{"ObjectIdentifier":"S-1-5-21-1371919101-1241663934-1364340945-4142","ObjectType":"Computer"},{"ObjectIdentifier":"S-1-5-21-1371919101-1241663934-1364340945-4143","ObjectType":"Computer"},{"ObjectIdentifier":"S-1-5-21-1371919101-1241663934-1364340945-4144","ObjectType":"Computer"},{"ObjectIdentifier":"S-1-5-21-1371919101-1241663934-1364340945-4145","ObjectType":"Computer"},{"ObjectIdentifier":"S-1-5-21-1371919101-1241663934-1364340945-4146","ObjectType":"Computer"},{"ObjectIdentifier":"S-1-5-21-1371919101-1241663934-1364340945-4147","ObjectType":"Computer"},{"ObjectIdentifier":"S-1-5-21-1371919101-1241663934-1364340945-4148","ObjectType":"Computer"},{"ObjectIdentifier":"S-1-5-21-1371919101-1241663934-1364340945-4149","ObjectType":"Computer"},{"ObjectIdentifier":"S-1-5-21-1371919101-1241663934-1364340945-4150","ObjectType":"Computer"},{"ObjectIdentifier":"S-1-5-21-1371919101-1241663934-1364340945-4151","ObjectType":"Computer"},{"ObjectIdentifier":"S-1-5-21-1371919101-1241663934-1364340945-4152","ObjectType":"Computer"},{"ObjectIdentifier":"S-1-5-21-1371919101-1241663934-1364340945-4153","ObjectType":"Computer"},{"ObjectIdentifier":"S-1-5-21-1371919101-1241663934-1364340945-4154","ObjectType":"Computer"},{"ObjectIdentifier":"S-1-5-21-1371919101-1241663934-1364340945-4155","ObjectType":"Computer"},{"ObjectIdentifier":"S-1-5-21-1371919101-1241663934-1364340945-4156","ObjectType":"Computer"},{"ObjectIdentifier":"S-1-5-21-1371919101-1241663934-1364340945-4157","ObjectType":"Computer"},{"ObjectIdentifier":"S-1-5-21-1371919101-1241663934-1364340945-4158","ObjectType":"Computer"},{"ObjectIdentifier":"S-1-5-21-1371919101-1241663934-1364340945-4159","ObjectType":"Computer"},{"ObjectIdentifier":"S-1-5-21-1371919101-1241663934-1364340945-4160","ObjectType":"Computer"},{"ObjectIdentifier":"S-1-5-21-1371919101-1241663934-1364340945-4161","ObjectType":"Computer"},{"ObjectIdentifier":"S-1-5-21-1371919101-1241663934-1364340945-4162","ObjectType":"Computer"},{"ObjectIdentifier":"S-1-5-21-1371919101-1241663934-1364340945-4163","ObjectType":"Computer"},{"ObjectIdentifier":"S-1-5-21-1371919101-1241663934-1364340945-4164","ObjectType":"Computer"},{"ObjectIdentifier":"S-1-5-21-1371919101-1241663934-1364340945-4165","ObjectType":"Computer"},{"ObjectIdentifier":"S-1-5-21-1371919101-1241663934-1364340945-4166","ObjectType":"Computer"},{"ObjectIdentifier":"S-1-5-21-1371919101-1241663934-1364340945-4167","ObjectType":"Computer"},{"ObjectIdentifier":"S-1-5-21-1371919101-1241663934-1364340945-4168","ObjectType":"Computer"},{"ObjectIdentifier":"S-1-5-21-1371919101-1241663934-1364340945-4169","ObjectType":"Computer"},{"ObjectIdentifier":"S-1-5-21-1371919101-1241663934-1364340945-4170","ObjectType":"Computer"},{"ObjectIdentifier":"S-1-5-21-1371919101-1241663934-1364340945-4171","ObjectType":"Computer"},{"ObjectIdentifier":"S-1-5-21-1371919101-1241663934-1364340945-4172","ObjectType":"Computer"},{"ObjectIdentifier":"S-1-5-21-1371919101-1241663934-1364340945-4173","ObjectType":"Computer"},{"ObjectIdentifier":"S-1-5-21-1371919101-1241663934-1364340945-4174","ObjectType":"Computer"},{"ObjectIdentifier":"S-1-5-21-1371919101-1241663934-1364340945-4175","ObjectType":"Computer"},{"ObjectIdentifier":"S-1-5-21-1371919101-1241663934-1364340945-4176","ObjectType":"Computer"},{"ObjectIdentifier":"S-1-5-21-1371919101-1241663934-1364340945-4177","ObjectType":"Computer"},{"ObjectIdentifier":"S-1-5-21-1371919101-1241663934-1364340945-4178","ObjectType":"Computer"},{"ObjectIdentifier":"S-1-5-21-1371919101-1241663934-1364340945-4179","ObjectType":"Computer"},{"ObjectIdentifier":"S-1-5-21-1371919101-1241663934-1364340945-4180","ObjectType":"Computer"},{"ObjectIdentifier":"S-1-5-21-1371919101-1241663934-1364340945-4181","ObjectType":"Computer"},{"ObjectIdentifier":"S-1-5-21-1371919101-1241663934-1364340945-4182","ObjectType":"Computer"},{"ObjectIdentifier":"S-1-5-21-1371919101-1241663934-1364340945-4183","ObjectType":"Computer"},{"ObjectIdentifier":"S-1-5-21-1371919101-1241663934-1364340945-4184","ObjectType":"Computer"},{"ObjectIdentifier":"S-1-5-21-1371919101-1241663934-1364340945-4185","ObjectType":"Computer"},{"ObjectIdentifier":"S-1-5-21-1371919101-1241663934-1364340945-4186","ObjectType":"Computer"},{"ObjectIdentifier":"S-1-5-21-1371919101-1241663934-1364340945-4187","ObjectType":"Computer"},{"ObjectIdentifier":"S-1-5-21-1371919101-1241663934-1364340945-4188","ObjectType":"Computer"},{"ObjectIdentifier":"S-1-5-21-1371919101-1241663934-1364340945-4191","ObjectType":"Computer"},{"ObjectIdentifier":"S-1-5-21-1371919101-1241663934-1364340945-5103","ObjectType":"Computer"},{"ObjectIdentifier":"S-1-5-21-1371919101-1241663934-1364340945-4192","ObjectType":"Computer"}]},"Properties":{"domain":"OFFSEC.NL","name":"OFFSEC.NL","distinguishedname":"DC=OFFSEC,DC=NL","domainsid":"S-1-5-21-1371919101-1241663934-1364340945","highvalue":true,"description":null,"whencreated":1656944188,"functionallevel":"2016"}}],"meta":{"methods":29695,"type":"domains","count":1,"version":4}}