﻿{"data":[{"ChildObjects":[],"Aces":[{"PrincipalSID":"S-1-5-21-1371919101-1241663934-1364340945-512","PrincipalType":"Group","RightName":"Owns","IsInherited":false},{"PrincipalSID":"S-1-5-21-1371919101-1241663934-1364340945-512","PrincipalType":"Group","RightName":"WriteDacl","IsInherited":false},{"PrincipalSID":"S-1-5-21-1371919101-1241663934-1364340945-512","PrincipalType":"Group","RightName":"WriteOwner","IsInherited":false},{"PrincipalSID":"S-1-5-21-1371919101-1241663934-1364340945-519","PrincipalType":"Group","RightName":"GenericAll","IsInherited":true},{"PrincipalSID":"S-1-5-21-1371919101-1241663934-1364340945-512","PrincipalType":"Group","RightName":"GenericAll","IsInherited":true}],"ObjectIdentifier":"066A62B9-6ACA-4370-A439-C46C3D8AC460","IsDeleted":false,"IsACLProtected":false,"Properties":{"domain":"OFFSEC.NL","name":"WMIGPO@OFFSEC.NL","distinguishedname":"CN=WMIGPO,CN=WMIPOLICY,CN=SYSTEM,DC=OFFSEC,DC=NL","domainsid":"S-1-5-21-1371919101-1241663934-1364340945","highvalue":false}},{"ChildObjects":[],"Aces":[{"PrincipalSID":"S-1-5-21-1371919101-1241663934-1364340945-512","PrincipalType":"Group","RightName":"Owns","IsInherited":false},{"PrincipalSID":"S-1-5-21-1371919101-1241663934-1364340945-512","PrincipalType":"Group","RightName":"GenericAll","IsInherited":false},{"PrincipalSID":"S-1-5-21-1371919101-1241663934-1364340945-519","PrincipalType":"Group","RightName":"GenericAll","IsInherited":false}],"ObjectIdentifier":"184B2826-42C5-46EE-999B-DD45FD7A43C9","IsDeleted":false,"IsACLProtected":true,"Properties":{"domain":"OFFSEC.NL","name":"SOM@OFFSEC.NL","distinguishedname":"CN=SOM,CN=WMIPOLICY,CN=SYSTEM,DC=OFFSEC,DC=NL","domainsid":"S-1-5-21-1371919101-1241663934-1364340945","highvalue":false}},{"ChildObjects":[],"Aces":[{"PrincipalSID":"S-1-5-21-1371919101-1241663934-1364340945-512","PrincipalType":"Group","RightName":"Owns","IsInherited":false},{"PrincipalSID":"OFFSEC.NL-S-1-5-32-544","PrincipalType":"Group","RightName":"WriteDacl","IsInherited":false},{"PrincipalSID":"OFFSEC.NL-S-1-5-32-544","PrincipalType":"Group","RightName":"WriteOwner","IsInherited":false},{"PrincipalSID":"S-1-5-21-1371919101-1241663934-1364340945-512","PrincipalType":"Group","RightName":"WriteDacl","IsInherited":false},{"PrincipalSID":"S-1-5-21-1371919101-1241663934-1364340945-512","PrincipalType":"Group","RightName":"WriteOwner","IsInherited":false},{"PrincipalSID":"S-1-5-21-1371919101-1241663934-1364340945-519","PrincipalType":"Group","RightName":"WriteDacl","IsInherited":false},{"PrincipalSID":"S-1-5-21-1371919101-1241663934-1364340945-519","PrincipalType":"Group","RightName":"WriteOwner","IsInherited":false}],"ObjectIdentifier":"4C859A45-3387-4E06-BFB6-D2090FD4B74F","IsDeleted":false,"IsACLProtected":true,"Properties":{"domain":"OFFSEC.NL","name":"ADMINSDHOLDER@OFFSEC.NL","distinguishedname":"CN=ADMINSDHOLDER,CN=SYSTEM,DC=OFFSEC,DC=NL","domainsid":"S-1-5-21-1371919101-1241663934-1364340945","highvalue":false}},{"ChildObjects":[],"Aces":[{"PrincipalSID":"S-1-5-21-1371919101-1241663934-1364340945-512","PrincipalType":"Group","RightName":"Owns","IsInherited":false},{"PrincipalSID":"S-1-5-21-1371919101-1241663934-1364340945-512","PrincipalType":"Group","RightName":"GenericAll","IsInherited":false},{"PrincipalSID":"S-1-5-21-1371919101-1241663934-1364340945-519","PrincipalType":"Group","RightName":"GenericAll","IsInherited":false}],"ObjectIdentifier":"502682C1-E3FB-43B2-821B-5424DF3FCEF4","IsDeleted":false,"IsACLProtected":true,"Properties":{"domain":"OFFSEC.NL","name":"WMIPOLICY@OFFSEC.NL","distinguishedname":"CN=WMIPOLICY,CN=SYSTEM,DC=OFFSEC,DC=NL","domainsid":"S-1-5-21-1371919101-1241663934-1364340945","highvalue":false}},{"ChildObjects":[],"Aces":[{"PrincipalSID":"S-1-5-21-1371919101-1241663934-1364340945-512","PrincipalType":"Group","RightName":"Owns","IsInherited":false},{"PrincipalSID":"S-1-5-21-1371919101-1241663934-1364340945-512","PrincipalType":"Group","RightName":"WriteDacl","IsInherited":false},{"PrincipalSID":"S-1-5-21-1371919101-1241663934-1364340945-512","PrincipalType":"Group","RightName":"WriteOwner","IsInherited":false},{"PrincipalSID":"S-1-5-21-1371919101-1241663934-1364340945-519","PrincipalType":"Group","RightName":"GenericAll","IsInherited":true},{"PrincipalSID":"S-1-5-21-1371919101-1241663934-1364340945-512","PrincipalType":"Group","RightName":"GenericAll","IsInherited":true}],"ObjectIdentifier":"B6BBAFE3-6070-4E3D-90CD-8561415A7A1D","IsDeleted":false,"IsACLProtected":false,"Properties":{"domain":"OFFSEC.NL","name":"POLICYTEMPLATE@OFFSEC.NL","distinguishedname":"CN=POLICYTEMPLATE,CN=WMIPOLICY,CN=SYSTEM,DC=OFFSEC,DC=NL","domainsid":"S-1-5-21-1371919101-1241663934-1364340945","highvalue":false}},{"ChildObjects":[],"Aces":[{"PrincipalSID":"S-1-5-21-1371919101-1241663934-1364340945-512","PrincipalType":"Group","RightName":"Owns","IsInherited":false},{"PrincipalSID":"S-1-5-21-1371919101-1241663934-1364340945-512","PrincipalType":"Group","RightName":"WriteDacl","IsInherited":false},{"PrincipalSID":"S-1-5-21-1371919101-1241663934-1364340945-512","PrincipalType":"Group","RightName":"WriteOwner","IsInherited":false},{"PrincipalSID":"S-1-5-21-1371919101-1241663934-1364340945-519","PrincipalType":"Group","RightName":"GenericAll","IsInherited":true},{"PrincipalSID":"S-1-5-21-1371919101-1241663934-1364340945-512","PrincipalType":"Group","RightName":"GenericAll","IsInherited":true}],"ObjectIdentifier":"1AC4F01F-130B-4A22-802D-8B66CCF1202D","IsDeleted":false,"IsACLProtected":false,"Properties":{"domain":"OFFSEC.NL","name":"POLICYTYPE@OFFSEC.NL","distinguishedname":"CN=POLICYTYPE,CN=WMIPOLICY,CN=SYSTEM,DC=OFFSEC,DC=NL","domainsid":"S-1-5-21-1371919101-1241663934-1364340945","highvalue":false}},{"ChildObjects":[],"Aces":[{"PrincipalSID":"S-1-5-21-1371919101-1241663934-1364340945-512","PrincipalType":"Group","RightName":"Owns","IsInherited":false},{"PrincipalSID":"OFFSEC.NL-S-1-5-9","PrincipalType":"Group","RightName":"GenericAll","IsInherited":false},{"PrincipalSID":"S-1-5-21-1371919101-1241663934-1364340945-512","PrincipalType":"Group","RightName":"GenericAll","IsInherited":false},{"PrincipalSID":"S-1-5-21-1371919101-1241663934-1364340945-516","PrincipalType":"Group","RightName":"GenericAll","IsInherited":false},{"PrincipalSID":"S-1-5-21-1371919101-1241663934-1364340945-519","PrincipalType":"Group","RightName":"GenericAll","IsInherited":false},{"PrincipalSID":"S-1-5-21-1371919101-1241663934-1364340945-526","PrincipalType":"Group","RightName":"GenericAll","IsInherited":false},{"PrincipalSID":"S-1-5-21-1371919101-1241663934-1364340945-527","PrincipalType":"Group","RightName":"GenericAll","IsInherited":false}],"ObjectIdentifier":"065FA484-1607-4343-9344-9157A7D8D88F","IsDeleted":false,"IsACLProtected":true,"Properties":{"domain":"OFFSEC.NL","name":"KEYS@OFFSEC.NL","distinguishedname":"CN=KEYS,DC=OFFSEC,DC=NL","domainsid":"S-1-5-21-1371919101-1241663934-1364340945","highvalue":false}},{"ChildObjects":[],"Aces":[{"PrincipalSID":"S-1-5-21-1371919101-1241663934-1364340945-512","PrincipalType":"Group","RightName":"Owns","IsInherited":false},{"PrincipalSID":"S-1-5-21-1371919101-1241663934-1364340945-512","PrincipalType":"Group","RightName":"WriteDacl","IsInherited":false},{"PrincipalSID":"S-1-5-21-1371919101-1241663934-1364340945-512","PrincipalType":"Group","RightName":"WriteOwner","IsInherited":false},{"PrincipalSID":"S-1-5-21-1371919101-1241663934-1364340945-519","PrincipalType":"Group","RightName":"GenericAll","IsInherited":true},{"PrincipalSID":"S-1-5-21-1371919101-1241663934-1364340945-4111","PrincipalType":"Computer","RightName":"GenericAll","IsInherited":true},{"PrincipalSID":"S-1-5-21-1371919101-1241663934-1364340945-4116","PrincipalType":"Computer","RightName":"GenericAll","IsInherited":true},{"PrincipalSID":"S-1-5-21-1371919101-1241663934-1364340945-2347","PrincipalType":"User","RightName":"GenericAll","IsInherited":true},{"PrincipalSID":"S-1-5-21-1371919101-1241663934-1364340945-3952","PrincipalType":"Group","RightName":"GenericAll","IsInherited":true},{"PrincipalSID":"S-1-5-21-1371919101-1241663934-1364340945-3195","PrincipalType":"User","RightName":"GenericAll","IsInherited":true},{"PrincipalSID":"S-1-5-21-1371919101-1241663934-1364340945-1690","PrincipalType":"User","RightName":"GenericAll","IsInherited":true},{"PrincipalSID":"S-1-5-21-1371919101-1241663934-1364340945-2971","PrincipalType":"User","RightName":"GenericAll","IsInherited":true},{"PrincipalSID":"OFFSEC.NL-S-1-5-32-544","PrincipalType":"Group","RightName":"WriteDacl","IsInherited":true},{"PrincipalSID":"OFFSEC.NL-S-1-5-32-544","PrincipalType":"Group","RightName":"WriteOwner","IsInherited":true}],"ObjectIdentifier":"4CCA03CA-1D8B-4FC0-9196-E0C6A55D54BE","IsDeleted":false,"IsACLProtected":false,"Properties":{"domain":"OFFSEC.NL","name":"IP SECURITY@OFFSEC.NL","distinguishedname":"CN=IP SECURITY,CN=SYSTEM,DC=OFFSEC,DC=NL","domainsid":"S-1-5-21-1371919101-1241663934-1364340945","highvalue":false}},{"ChildObjects":[],"Aces":[{"PrincipalSID":"S-1-5-21-1371919101-1241663934-1364340945-512","PrincipalType":"Group","RightName":"Owns","IsInherited":false},{"PrincipalSID":"S-1-5-21-1371919101-1241663934-1364340945-512","PrincipalType":"Group","RightName":"WriteDacl","IsInherited":false},{"PrincipalSID":"S-1-5-21-1371919101-1241663934-1364340945-512","PrincipalType":"Group","RightName":"WriteOwner","IsInherited":false},{"PrincipalSID":"S-1-5-21-1371919101-1241663934-1364340945-519","PrincipalType":"Group","RightName":"GenericAll","IsInherited":true},{"PrincipalSID":"S-1-5-21-1371919101-1241663934-1364340945-4111","PrincipalType":"Computer","RightName":"GenericAll","IsInherited":true},{"PrincipalSID":"S-1-5-21-1371919101-1241663934-1364340945-4116","PrincipalType":"Computer","RightName":"GenericAll","IsInherited":true},{"PrincipalSID":"S-1-5-21-1371919101-1241663934-1364340945-2347","PrincipalType":"User","RightName":"GenericAll","IsInherited":true},{"PrincipalSID":"S-1-5-21-1371919101-1241663934-1364340945-3952","PrincipalType":"Group","RightName":"GenericAll","IsInherited":true},{"PrincipalSID":"S-1-5-21-1371919101-1241663934-1364340945-3195","PrincipalType":"User","RightName":"GenericAll","IsInherited":true},{"PrincipalSID":"S-1-5-21-1371919101-1241663934-1364340945-1690","PrincipalType":"User","RightName":"GenericAll","IsInherited":true},{"PrincipalSID":"S-1-5-21-1371919101-1241663934-1364340945-2971","PrincipalType":"User","RightName":"GenericAll","IsInherited":true},{"PrincipalSID":"OFFSEC.NL-S-1-5-32-544","PrincipalType":"Group","RightName":"WriteDacl","IsInherited":true},{"PrincipalSID":"OFFSEC.NL-S-1-5-32-544","PrincipalType":"Group","RightName":"WriteOwner","IsInherited":true}],"ObjectIdentifier":"A8B64509-BF9A-4F3A-8BF4-E1463341FE39","IsDeleted":false,"IsACLProtected":false,"Properties":{"domain":"OFFSEC.NL","name":"SYSTEM@OFFSEC.NL","distinguishedname":"CN=SYSTEM,DC=OFFSEC,DC=NL","domainsid":"S-1-5-21-1371919101-1241663934-1364340945","highvalue":false}},{"ChildObjects":[{"ObjectIdentifier":"S-1-5-21-1371919101-1241663934-1364340945-500","ObjectType":"User"},{"ObjectIdentifier":"S-1-5-21-1371919101-1241663934-1364340945-571","ObjectType":"Group"},{"ObjectIdentifier":"S-1-5-21-1371919101-1241663934-1364340945-517","ObjectType":"Group"},{"ObjectIdentifier":"S-1-5-21-1371919101-1241663934-1364340945-522","ObjectType":"Group"},{"ObjectIdentifier":"S-1-5-21-1371919101-1241663934-1364340945-572","ObjectType":"Group"},{"ObjectIdentifier":"S-1-5-21-1371919101-1241663934-1364340945-1101","ObjectType":"Group"},{"ObjectIdentifier":"S-1-5-21-1371919101-1241663934-1364340945-1102","ObjectType":"Group"},{"ObjectIdentifier":"S-1-5-21-1371919101-1241663934-1364340945-512","ObjectType":"Group"},{"ObjectIdentifier":"S-1-5-21-1371919101-1241663934-1364340945-515","ObjectType":"Group"},{"ObjectIdentifier":"S-1-5-21-1371919101-1241663934-1364340945-516","ObjectType":"Group"},{"ObjectIdentifier":"S-1-5-21-1371919101-1241663934-1364340945-514","ObjectType":"Group"},{"ObjectIdentifier":"S-1-5-21-1371919101-1241663934-1364340945-513","ObjectType":"Group"},{"ObjectIdentifier":"S-1-5-21-1371919101-1241663934-1364340945-519","ObjectType":"Group"},{"ObjectIdentifier":"S-1-5-21-1371919101-1241663934-1364340945-527","ObjectType":"Group"},{"ObjectIdentifier":"S-1-5-21-1371919101-1241663934-1364340945-498","ObjectType":"Group"},{"ObjectIdentifier":"S-1-5-21-1371919101-1241663934-1364340945-520","ObjectType":"Group"},{"ObjectIdentifier":"S-1-5-21-1371919101-1241663934-1364340945-501","ObjectType":"User"},{"ObjectIdentifier":"S-1-5-21-1371919101-1241663934-1364340945-526","ObjectType":"Group"},{"ObjectIdentifier":"S-1-5-21-1371919101-1241663934-1364340945-502","ObjectType":"User"},{"ObjectIdentifier":"S-1-5-21-1371919101-1241663934-1364340945-525","ObjectType":"Group"},{"ObjectIdentifier":"S-1-5-21-1371919101-1241663934-1364340945-553","ObjectType":"Group"},{"ObjectIdentifier":"S-1-5-21-1371919101-1241663934-1364340945-521","ObjectType":"Group"},{"ObjectIdentifier":"S-1-5-21-1371919101-1241663934-1364340945-518","ObjectType":"Group"}],"Aces":[{"PrincipalSID":"S-1-5-21-1371919101-1241663934-1364340945-512","PrincipalType":"Group","RightName":"Owns","IsInherited":false},{"PrincipalSID":"S-1-5-21-1371919101-1241663934-1364340945-512","PrincipalType":"Group","RightName":"WriteDacl","IsInherited":false},{"PrincipalSID":"S-1-5-21-1371919101-1241663934-1364340945-512","PrincipalType":"Group","RightName":"WriteOwner","IsInherited":false},{"PrincipalSID":"S-1-5-21-1371919101-1241663934-1364340945-519","PrincipalType":"Group","RightName":"GenericAll","IsInherited":true},{"PrincipalSID":"S-1-5-21-1371919101-1241663934-1364340945-4111","PrincipalType":"Computer","RightName":"GenericAll","IsInherited":true},{"PrincipalSID":"S-1-5-21-1371919101-1241663934-1364340945-4116","PrincipalType":"Computer","RightName":"GenericAll","IsInherited":true},{"PrincipalSID":"S-1-5-21-1371919101-1241663934-1364340945-2347","PrincipalType":"User","RightName":"GenericAll","IsInherited":true},{"PrincipalSID":"S-1-5-21-1371919101-1241663934-1364340945-3952","PrincipalType":"Group","RightName":"GenericAll","IsInherited":true},{"PrincipalSID":"S-1-5-21-1371919101-1241663934-1364340945-3195","PrincipalType":"User","RightName":"GenericAll","IsInherited":true},{"PrincipalSID":"S-1-5-21-1371919101-1241663934-1364340945-1690","PrincipalType":"User","RightName":"GenericAll","IsInherited":true},{"PrincipalSID":"S-1-5-21-1371919101-1241663934-1364340945-2971","PrincipalType":"User","RightName":"GenericAll","IsInherited":true},{"PrincipalSID":"OFFSEC.NL-S-1-5-32-544","PrincipalType":"Group","RightName":"WriteDacl","IsInherited":true},{"PrincipalSID":"OFFSEC.NL-S-1-5-32-544","PrincipalType":"Group","RightName":"WriteOwner","IsInherited":true}],"ObjectIdentifier":"E7BC22FF-5DF0-4D9E-8425-1CD831B68008","IsDeleted":false,"IsACLProtected":false,"Properties":{"domain":"OFFSEC.NL","name":"USERS@OFFSEC.NL","distinguishedname":"CN=USERS,DC=OFFSEC,DC=NL","domainsid":"S-1-5-21-1371919101-1241663934-1364340945","highvalue":false}},{"ChildObjects":[],"Aces":[{"PrincipalSID":"S-1-5-21-1371919101-1241663934-1364340945-512","PrincipalType":"Group","RightName":"Owns","IsInherited":false},{"PrincipalSID":"S-1-5-21-1371919101-1241663934-1364340945-512","PrincipalType":"Group","RightName":"GenericAll","IsInherited":false},{"PrincipalSID":"S-1-5-21-1371919101-1241663934-1364340945-519","PrincipalType":"Group","RightName":"GenericAll","IsInherited":true},{"PrincipalSID":"S-1-5-21-1371919101-1241663934-1364340945-4111","PrincipalType":"Computer","RightName":"GenericAll","IsInherited":true},{"PrincipalSID":"S-1-5-21-1371919101-1241663934-1364340945-4116","PrincipalType":"Computer","RightName":"GenericAll","IsInherited":true},{"PrincipalSID":"S-1-5-21-1371919101-1241663934-1364340945-2347","PrincipalType":"User","RightName":"GenericAll","IsInherited":true},{"PrincipalSID":"S-1-5-21-1371919101-1241663934-1364340945-3952","PrincipalType":"Group","RightName":"GenericAll","IsInherited":true},{"PrincipalSID":"S-1-5-21-1371919101-1241663934-1364340945-3195","PrincipalType":"User","RightName":"GenericAll","IsInherited":true},{"PrincipalSID":"S-1-5-21-1371919101-1241663934-1364340945-1690","PrincipalType":"User","RightName":"GenericAll","IsInherited":true},{"PrincipalSID":"S-1-5-21-1371919101-1241663934-1364340945-2971","PrincipalType":"User","RightName":"GenericAll","IsInherited":true},{"PrincipalSID":"OFFSEC.NL-S-1-5-32-544","PrincipalType":"Group","RightName":"WriteDacl","IsInherited":true},{"PrincipalSID":"OFFSEC.NL-S-1-5-32-544","PrincipalType":"Group","RightName":"WriteOwner","IsInherited":true}],"ObjectIdentifier":"8CA127B0-22CB-4F41-9F4C-693C85B3B95D","IsDeleted":false,"IsACLProtected":false,"Properties":{"domain":"OFFSEC.NL","name":"PROGRAM DATA@OFFSEC.NL","distinguishedname":"CN=PROGRAM DATA,DC=OFFSEC,DC=NL","domainsid":"S-1-5-21-1371919101-1241663934-1364340945","highvalue":false}},{"ChildObjects":[],"Aces":[{"PrincipalSID":"S-1-5-21-1371919101-1241663934-1364340945-512","PrincipalType":"Group","RightName":"Owns","IsInherited":false},{"PrincipalSID":"S-1-5-21-1371919101-1241663934-1364340945-512","PrincipalType":"Group","RightName":"WriteDacl","IsInherited":false},{"PrincipalSID":"S-1-5-21-1371919101-1241663934-1364340945-512","PrincipalType":"Group","RightName":"WriteOwner","IsInherited":false},{"PrincipalSID":"S-1-5-21-1371919101-1241663934-1364340945-519","PrincipalType":"Group","RightName":"GenericAll","IsInherited":true},{"PrincipalSID":"S-1-5-21-1371919101-1241663934-1364340945-4111","PrincipalType":"Computer","RightName":"GenericAll","IsInherited":true},{"PrincipalSID":"S-1-5-21-1371919101-1241663934-1364340945-4116","PrincipalType":"Computer","RightName":"GenericAll","IsInherited":true},{"PrincipalSID":"S-1-5-21-1371919101-1241663934-1364340945-2347","PrincipalType":"User","RightName":"GenericAll","IsInherited":true},{"PrincipalSID":"S-1-5-21-1371919101-1241663934-1364340945-3952","PrincipalType":"Group","RightName":"GenericAll","IsInherited":true},{"PrincipalSID":"S-1-5-21-1371919101-1241663934-1364340945-3195","PrincipalType":"User","RightName":"GenericAll","IsInherited":true},{"PrincipalSID":"S-1-5-21-1371919101-1241663934-1364340945-1690","PrincipalType":"User","RightName":"GenericAll","IsInherited":true},{"PrincipalSID":"S-1-5-21-1371919101-1241663934-1364340945-2971","PrincipalType":"User","RightName":"GenericAll","IsInherited":true},{"PrincipalSID":"OFFSEC.NL-S-1-5-32-544","PrincipalType":"Group","RightName":"WriteDacl","IsInherited":true},{"PrincipalSID":"OFFSEC.NL-S-1-5-32-544","PrincipalType":"Group","RightName":"WriteOwner","IsInherited":true}],"ObjectIdentifier":"245067EE-FD06-4795-9F17-7252DF2AE3E7","IsDeleted":false,"IsACLProtected":false,"Properties":{"domain":"OFFSEC.NL","name":"RPCSERVICES@OFFSEC.NL","distinguishedname":"CN=RPCSERVICES,CN=SYSTEM,DC=OFFSEC,DC=NL","domainsid":"S-1-5-21-1371919101-1241663934-1364340945","highvalue":false}},{"ChildObjects":[],"Aces":[{"PrincipalSID":"S-1-5-21-1371919101-1241663934-1364340945-512","PrincipalType":"Group","RightName":"Owns","IsInherited":false},{"PrincipalSID":"S-1-5-21-1371919101-1241663934-1364340945-512","PrincipalType":"Group","RightName":"WriteDacl","IsInherited":false},{"PrincipalSID":"S-1-5-21-1371919101-1241663934-1364340945-512","PrincipalType":"Group","RightName":"WriteOwner","IsInherited":false},{"PrincipalSID":"S-1-5-21-1371919101-1241663934-1364340945-519","PrincipalType":"Group","RightName":"GenericAll","IsInherited":true},{"PrincipalSID":"S-1-5-21-1371919101-1241663934-1364340945-4111","PrincipalType":"Computer","RightName":"GenericAll","IsInherited":true},{"PrincipalSID":"S-1-5-21-1371919101-1241663934-1364340945-4116","PrincipalType":"Computer","RightName":"GenericAll","IsInherited":true},{"PrincipalSID":"S-1-5-21-1371919101-1241663934-1364340945-2347","PrincipalType":"User","RightName":"GenericAll","IsInherited":true},{"PrincipalSID":"S-1-5-21-1371919101-1241663934-1364340945-3952","PrincipalType":"Group","RightName":"GenericAll","IsInherited":true},{"PrincipalSID":"S-1-5-21-1371919101-1241663934-1364340945-3195","PrincipalType":"User","RightName":"GenericAll","IsInherited":true},{"PrincipalSID":"S-1-5-21-1371919101-1241663934-1364340945-1690","PrincipalType":"User","RightName":"GenericAll","IsInherited":true},{"PrincipalSID":"S-1-5-21-1371919101-1241663934-1364340945-2971","PrincipalType":"User","RightName":"GenericAll","IsInherited":true},{"PrincipalSID":"OFFSEC.NL-S-1-5-32-544","PrincipalType":"Group","RightName":"WriteDacl","IsInherited":true},{"PrincipalSID":"OFFSEC.NL-S-1-5-32-544","PrincipalType":"Group","RightName":"WriteOwner","IsInherited":true}],"ObjectIdentifier":"9F9BDC35-04EB-459E-A10E-06E7B4453B99","IsDeleted":false,"IsACLProtected":false,"Properties":{"domain":"OFFSEC.NL","name":"MANAGED SERVICE ACCOUNTS@OFFSEC.NL","distinguishedname":"CN=MANAGED SERVICE ACCOUNTS,DC=OFFSEC,DC=NL","domainsid":"S-1-5-21-1371919101-1241663934-1364340945","highvalue":false}},{"ChildObjects":[],"Aces":[{"PrincipalSID":"S-1-5-21-1371919101-1241663934-1364340945-512","PrincipalType":"Group","RightName":"Owns","IsInherited":false},{"PrincipalSID":"S-1-5-21-1371919101-1241663934-1364340945-512","PrincipalType":"Group","RightName":"WriteDacl","IsInherited":false},{"PrincipalSID":"S-1-5-21-1371919101-1241663934-1364340945-512","PrincipalType":"Group","RightName":"WriteOwner","IsInherited":false},{"PrincipalSID":"S-1-5-21-1371919101-1241663934-1364340945-519","PrincipalType":"Group","RightName":"GenericAll","IsInherited":true},{"PrincipalSID":"S-1-5-21-1371919101-1241663934-1364340945-4111","PrincipalType":"Computer","RightName":"GenericAll","IsInherited":true},{"PrincipalSID":"S-1-5-21-1371919101-1241663934-1364340945-4116","PrincipalType":"Computer","RightName":"GenericAll","IsInherited":true},{"PrincipalSID":"S-1-5-21-1371919101-1241663934-1364340945-2347","PrincipalType":"User","RightName":"GenericAll","IsInherited":true},{"PrincipalSID":"S-1-5-21-1371919101-1241663934-1364340945-3952","PrincipalType":"Group","RightName":"GenericAll","IsInherited":true},{"PrincipalSID":"S-1-5-21-1371919101-1241663934-1364340945-3195","PrincipalType":"User","RightName":"GenericAll","IsInherited":true},{"PrincipalSID":"S-1-5-21-1371919101-1241663934-1364340945-1690","PrincipalType":"User","RightName":"GenericAll","IsInherited":true},{"PrincipalSID":"S-1-5-21-1371919101-1241663934-1364340945-2971","PrincipalType":"User","RightName":"GenericAll","IsInherited":true},{"PrincipalSID":"OFFSEC.NL-S-1-5-32-544","PrincipalType":"Group","RightName":"WriteDacl","IsInherited":true},{"PrincipalSID":"OFFSEC.NL-S-1-5-32-544","PrincipalType":"Group","RightName":"WriteOwner","IsInherited":true}],"ObjectIdentifier":"0377CDE0-9FF7-48D5-A430-D7B1861564BF","IsDeleted":false,"IsACLProtected":false,"Properties":{"domain":"OFFSEC.NL","name":"MEETINGS@OFFSEC.NL","distinguishedname":"CN=MEETINGS,CN=SYSTEM,DC=OFFSEC,DC=NL","domainsid":"S-1-5-21-1371919101-1241663934-1364340945","highvalue":false}},{"ChildObjects":[{"ObjectIdentifier":"S-1-5-21-1371919101-1241663934-1364340945-5103","ObjectType":"Computer"},{"ObjectIdentifier":"S-1-5-21-1371919101-1241663934-1364340945-4192","ObjectType":"Computer"}],"Aces":[{"PrincipalSID":"S-1-5-21-1371919101-1241663934-1364340945-512","PrincipalType":"Group","RightName":"Owns","IsInherited":false},{"PrincipalSID":"S-1-5-21-1371919101-1241663934-1364340945-512","PrincipalType":"Group","RightName":"WriteDacl","IsInherited":false},{"PrincipalSID":"S-1-5-21-1371919101-1241663934-1364340945-512","PrincipalType":"Group","RightName":"WriteOwner","IsInherited":false},{"PrincipalSID":"S-1-5-21-1371919101-1241663934-1364340945-519","PrincipalType":"Group","RightName":"GenericAll","IsInherited":true},{"PrincipalSID":"S-1-5-21-1371919101-1241663934-1364340945-4111","PrincipalType":"Computer","RightName":"GenericAll","IsInherited":true},{"PrincipalSID":"S-1-5-21-1371919101-1241663934-1364340945-4116","PrincipalType":"Computer","RightName":"GenericAll","IsInherited":true},{"PrincipalSID":"S-1-5-21-1371919101-1241663934-1364340945-2347","PrincipalType":"User","RightName":"GenericAll","IsInherited":true},{"PrincipalSID":"S-1-5-21-1371919101-1241663934-1364340945-3952","PrincipalType":"Group","RightName":"GenericAll","IsInherited":true},{"PrincipalSID":"S-1-5-21-1371919101-1241663934-1364340945-3195","PrincipalType":"User","RightName":"GenericAll","IsInherited":true},{"PrincipalSID":"S-1-5-21-1371919101-1241663934-1364340945-1690","PrincipalType":"User","RightName":"GenericAll","IsInherited":true},{"PrincipalSID":"S-1-5-21-1371919101-1241663934-1364340945-2971","PrincipalType":"User","RightName":"GenericAll","IsInherited":true},{"PrincipalSID":"OFFSEC.NL-S-1-5-32-544","PrincipalType":"Group","RightName":"WriteDacl","IsInherited":true},{"PrincipalSID":"OFFSEC.NL-S-1-5-32-544","PrincipalType":"Group","RightName":"WriteOwner","IsInherited":true}],"ObjectIdentifier":"F59D5CD8-64CE-42AB-B5AD-E54A73332778","IsDeleted":false,"IsACLProtected":false,"Properties":{"domain":"OFFSEC.NL","name":"COMPUTERS@OFFSEC.NL","distinguishedname":"CN=COMPUTERS,DC=OFFSEC,DC=NL","domainsid":"S-1-5-21-1371919101-1241663934-1364340945","highvalue":false}},{"ChildObjects":[],"Aces":[{"PrincipalSID":"S-1-5-21-1371919101-1241663934-1364340945-512","PrincipalType":"Group","RightName":"Owns","IsInherited":false},{"PrincipalSID":"S-1-5-21-1371919101-1241663934-1364340945-512","PrincipalType":"Group","RightName":"WriteDacl","IsInherited":false},{"PrincipalSID":"S-1-5-21-1371919101-1241663934-1364340945-512","PrincipalType":"Group","RightName":"WriteOwner","IsInherited":false},{"PrincipalSID":"S-1-5-21-1371919101-1241663934-1364340945-519","PrincipalType":"Group","RightName":"GenericAll","IsInherited":true},{"PrincipalSID":"S-1-5-21-1371919101-1241663934-1364340945-4111","PrincipalType":"Computer","RightName":"GenericAll","IsInherited":true},{"PrincipalSID":"S-1-5-21-1371919101-1241663934-1364340945-4116","PrincipalType":"Computer","RightName":"GenericAll","IsInherited":true},{"PrincipalSID":"S-1-5-21-1371919101-1241663934-1364340945-2347","PrincipalType":"User","RightName":"GenericAll","IsInherited":true},{"PrincipalSID":"S-1-5-21-1371919101-1241663934-1364340945-3952","PrincipalType":"Group","RightName":"GenericAll","IsInherited":true},{"PrincipalSID":"S-1-5-21-1371919101-1241663934-1364340945-3195","PrincipalType":"User","RightName":"GenericAll","IsInherited":true},{"PrincipalSID":"S-1-5-21-1371919101-1241663934-1364340945-1690","PrincipalType":"User","RightName":"GenericAll","IsInherited":true},{"PrincipalSID":"S-1-5-21-1371919101-1241663934-1364340945-2971","PrincipalType":"User","RightName":"GenericAll","IsInherited":true},{"PrincipalSID":"OFFSEC.NL-S-1-5-32-544","PrincipalType":"Group","RightName":"WriteDacl","IsInherited":true},{"PrincipalSID":"OFFSEC.NL-S-1-5-32-544","PrincipalType":"Group","RightName":"WriteOwner","IsInherited":true}],"ObjectIdentifier":"1CBD9D8B-0EBA-4AC1-BAB0-A5434F397FD0","IsDeleted":false,"IsACLProtected":false,"Properties":{"domain":"OFFSEC.NL","name":"WINSOCKSERVICES@OFFSEC.NL","distinguishedname":"CN=WINSOCKSERVICES,CN=SYSTEM,DC=OFFSEC,DC=NL","domainsid":"S-1-5-21-1371919101-1241663934-1364340945","highvalue":false}},{"ChildObjects":[],"Aces":[{"PrincipalSID":"S-1-5-21-1371919101-1241663934-1364340945-512","PrincipalType":"Group","RightName":"Owns","IsInherited":false},{"PrincipalSID":"S-1-5-21-1371919101-1241663934-1364340945-512","PrincipalType":"Group","RightName":"GenericAll","IsInherited":false},{"PrincipalSID":"S-1-5-21-1371919101-1241663934-1364340945-519","PrincipalType":"Group","RightName":"GenericAll","IsInherited":true},{"PrincipalSID":"S-1-5-21-1371919101-1241663934-1364340945-4111","PrincipalType":"Computer","RightName":"GenericAll","IsInherited":true},{"PrincipalSID":"S-1-5-21-1371919101-1241663934-1364340945-4116","PrincipalType":"Computer","RightName":"GenericAll","IsInherited":true},{"PrincipalSID":"S-1-5-21-1371919101-1241663934-1364340945-2347","PrincipalType":"User","RightName":"GenericAll","IsInherited":true},{"PrincipalSID":"S-1-5-21-1371919101-1241663934-1364340945-3952","PrincipalType":"Group","RightName":"GenericAll","IsInherited":true},{"PrincipalSID":"S-1-5-21-1371919101-1241663934-1364340945-3195","PrincipalType":"User","RightName":"GenericAll","IsInherited":true},{"PrincipalSID":"S-1-5-21-1371919101-1241663934-1364340945-1690","PrincipalType":"User","RightName":"GenericAll","IsInherited":true},{"PrincipalSID":"S-1-5-21-1371919101-1241663934-1364340945-2971","PrincipalType":"User","RightName":"GenericAll","IsInherited":true},{"PrincipalSID":"OFFSEC.NL-S-1-5-32-544","PrincipalType":"Group","RightName":"WriteDacl","IsInherited":true},{"PrincipalSID":"OFFSEC.NL-S-1-5-32-544","PrincipalType":"Group","RightName":"WriteOwner","IsInherited":true}],"ObjectIdentifier":"ADC9FDC6-B96B-417E-A7BE-EE7DB85FD716","IsDeleted":false,"IsACLProtected":false,"Properties":{"domain":"OFFSEC.NL","name":"MICROSOFT@OFFSEC.NL","distinguishedname":"CN=MICROSOFT,CN=PROGRAM DATA,DC=OFFSEC,DC=NL","domainsid":"S-1-5-21-1371919101-1241663934-1364340945","highvalue":false}},{"ChildObjects":[],"Aces":[{"PrincipalSID":"S-1-5-21-1371919101-1241663934-1364340945-512","PrincipalType":"Group","RightName":"Owns","IsInherited":false},{"PrincipalSID":"S-1-5-21-1371919101-1241663934-1364340945-553","PrincipalType":"Group","RightName":"WriteDacl","IsInherited":false},{"PrincipalSID":"S-1-5-21-1371919101-1241663934-1364340945-553","PrincipalType":"Group","RightName":"WriteOwner","IsInherited":false},{"PrincipalSID":"S-1-5-21-1371919101-1241663934-1364340945-519","PrincipalType":"Group","RightName":"GenericAll","IsInherited":true},{"PrincipalSID":"S-1-5-21-1371919101-1241663934-1364340945-4111","PrincipalType":"Computer","RightName":"GenericAll","IsInherited":true},{"PrincipalSID":"S-1-5-21-1371919101-1241663934-1364340945-4116","PrincipalType":"Computer","RightName":"GenericAll","IsInherited":true},{"PrincipalSID":"S-1-5-21-1371919101-1241663934-1364340945-2347","PrincipalType":"User","RightName":"GenericAll","IsInherited":true},{"PrincipalSID":"S-1-5-21-1371919101-1241663934-1364340945-3952","PrincipalType":"Group","RightName":"GenericAll","IsInherited":true},{"PrincipalSID":"S-1-5-21-1371919101-1241663934-1364340945-3195","PrincipalType":"User","RightName":"GenericAll","IsInherited":true},{"PrincipalSID":"S-1-5-21-1371919101-1241663934-1364340945-1690","PrincipalType":"User","RightName":"GenericAll","IsInherited":true},{"PrincipalSID":"S-1-5-21-1371919101-1241663934-1364340945-2971","PrincipalType":"User","RightName":"GenericAll","IsInherited":true},{"PrincipalSID":"OFFSEC.NL-S-1-5-32-544","PrincipalType":"Group","RightName":"WriteDacl","IsInherited":true},{"PrincipalSID":"OFFSEC.NL-S-1-5-32-544","PrincipalType":"Group","RightName":"WriteOwner","IsInherited":true}],"ObjectIdentifier":"B346FE04-F89D-4F43-ADBF-6E3A29959445","IsDeleted":false,"IsACLProtected":false,"Properties":{"domain":"OFFSEC.NL","name":"RAS AND IAS SERVERS ACCESS CHECK@OFFSEC.NL","distinguishedname":"CN=RAS AND IAS SERVERS ACCESS CHECK,CN=SYSTEM,DC=OFFSEC,DC=NL","domainsid":"S-1-5-21-1371919101-1241663934-1364340945","highvalue":false}},{"ChildObjects":[],"Aces":[{"PrincipalSID":"S-1-5-21-1371919101-1241663934-1364340945-512","PrincipalType":"Group","RightName":"Owns","IsInherited":false},{"PrincipalSID":"S-1-5-21-1371919101-1241663934-1364340945-512","PrincipalType":"Group","RightName":"GenericAll","IsInherited":false},{"PrincipalSID":"S-1-5-21-1371919101-1241663934-1364340945-519","PrincipalType":"Group","RightName":"GenericAll","IsInherited":true},{"PrincipalSID":"S-1-5-21-1371919101-1241663934-1364340945-4111","PrincipalType":"Computer","RightName":"GenericAll","IsInherited":true},{"PrincipalSID":"S-1-5-21-1371919101-1241663934-1364340945-4116","PrincipalType":"Computer","RightName":"GenericAll","IsInherited":true},{"PrincipalSID":"S-1-5-21-1371919101-1241663934-1364340945-2347","PrincipalType":"User","RightName":"GenericAll","IsInherited":true},{"PrincipalSID":"S-1-5-21-1371919101-1241663934-1364340945-3952","PrincipalType":"Group","RightName":"GenericAll","IsInherited":true},{"PrincipalSID":"S-1-5-21-1371919101-1241663934-1364340945-3195","PrincipalType":"User","RightName":"GenericAll","IsInherited":true},{"PrincipalSID":"S-1-5-21-1371919101-1241663934-1364340945-1690","PrincipalType":"User","RightName":"GenericAll","IsInherited":true},{"PrincipalSID":"S-1-5-21-1371919101-1241663934-1364340945-2971","PrincipalType":"User","RightName":"GenericAll","IsInherited":true},{"PrincipalSID":"OFFSEC.NL-S-1-5-32-544","PrincipalType":"Group","RightName":"WriteDacl","IsInherited":true},{"PrincipalSID":"OFFSEC.NL-S-1-5-32-544","PrincipalType":"Group","RightName":"WriteOwner","IsInherited":true}],"ObjectIdentifier":"28DF67B3-AFD9-400F-91AD-EC0E807A2A8D","IsDeleted":false,"IsACLProtected":false,"Properties":{"domain":"OFFSEC.NL","name":"PSPS@OFFSEC.NL","distinguishedname":"CN=PSPS,CN=SYSTEM,DC=OFFSEC,DC=NL","domainsid":"S-1-5-21-1371919101-1241663934-1364340945","highvalue":false}},{"ChildObjects":[],"Aces":[{"PrincipalSID":"S-1-5-21-1371919101-1241663934-1364340945-512","PrincipalType":"Group","RightName":"Owns","IsInherited":false},{"PrincipalSID":"S-1-5-21-1371919101-1241663934-1364340945-512","PrincipalType":"Group","RightName":"WriteDacl","IsInherited":false},{"PrincipalSID":"S-1-5-21-1371919101-1241663934-1364340945-512","PrincipalType":"Group","RightName":"WriteOwner","IsInherited":false},{"PrincipalSID":"S-1-5-21-1371919101-1241663934-1364340945-519","PrincipalType":"Group","RightName":"GenericAll","IsInherited":true},{"PrincipalSID":"S-1-5-21-1371919101-1241663934-1364340945-4111","PrincipalType":"Computer","RightName":"GenericAll","IsInherited":true},{"PrincipalSID":"S-1-5-21-1371919101-1241663934-1364340945-4116","PrincipalType":"Computer","RightName":"GenericAll","IsInherited":true},{"PrincipalSID":"S-1-5-21-1371919101-1241663934-1364340945-2347","PrincipalType":"User","RightName":"GenericAll","IsInherited":true},{"PrincipalSID":"S-1-5-21-1371919101-1241663934-1364340945-3952","PrincipalType":"Group","RightName":"GenericAll","IsInherited":true},{"PrincipalSID":"S-1-5-21-1371919101-1241663934-1364340945-3195","PrincipalType":"User","RightName":"GenericAll","IsInherited":true},{"PrincipalSID":"S-1-5-21-1371919101-1241663934-1364340945-1690","PrincipalType":"User","RightName":"GenericAll","IsInherited":true},{"PrincipalSID":"S-1-5-21-1371919101-1241663934-1364340945-2971","PrincipalType":"User","RightName":"GenericAll","IsInherited":true},{"PrincipalSID":"OFFSEC.NL-S-1-5-32-544","PrincipalType":"Group","RightName":"WriteDacl","IsInherited":true},{"PrincipalSID":"OFFSEC.NL-S-1-5-32-544","PrincipalType":"Group","RightName":"WriteOwner","IsInherited":true}],"ObjectIdentifier":"73FD4F2B-6AE1-40DA-8BB9-8164D31D10A2","IsDeleted":false,"IsACLProtected":false,"Properties":{"domain":"OFFSEC.NL","name":"COMPARTITIONS@OFFSEC.NL","distinguishedname":"CN=COMPARTITIONS,CN=SYSTEM,DC=OFFSEC,DC=NL","domainsid":"S-1-5-21-1371919101-1241663934-1364340945","highvalue":false}},{"ChildObjects":[],"Aces":[{"PrincipalSID":"S-1-5-21-1371919101-1241663934-1364340945-512","PrincipalType":"Group","RightName":"Owns","IsInherited":false},{"PrincipalSID":"S-1-5-21-1371919101-1241663934-1364340945-512","PrincipalType":"Group","RightName":"WriteDacl","IsInherited":false},{"PrincipalSID":"S-1-5-21-1371919101-1241663934-1364340945-512","PrincipalType":"Group","RightName":"WriteOwner","IsInherited":false},{"PrincipalSID":"S-1-5-21-1371919101-1241663934-1364340945-519","PrincipalType":"Group","RightName":"GenericAll","IsInherited":true},{"PrincipalSID":"S-1-5-21-1371919101-1241663934-1364340945-4111","PrincipalType":"Computer","RightName":"GenericAll","IsInherited":true},{"PrincipalSID":"S-1-5-21-1371919101-1241663934-1364340945-4116","PrincipalType":"Computer","RightName":"GenericAll","IsInherited":true},{"PrincipalSID":"S-1-5-21-1371919101-1241663934-1364340945-2347","PrincipalType":"User","RightName":"GenericAll","IsInherited":true},{"PrincipalSID":"S-1-5-21-1371919101-1241663934-1364340945-3952","PrincipalType":"Group","RightName":"GenericAll","IsInherited":true},{"PrincipalSID":"S-1-5-21-1371919101-1241663934-1364340945-3195","PrincipalType":"User","RightName":"GenericAll","IsInherited":true},{"PrincipalSID":"S-1-5-21-1371919101-1241663934-1364340945-1690","PrincipalType":"User","RightName":"GenericAll","IsInherited":true},{"PrincipalSID":"S-1-5-21-1371919101-1241663934-1364340945-2971","PrincipalType":"User","RightName":"GenericAll","IsInherited":true},{"PrincipalSID":"OFFSEC.NL-S-1-5-32-544","PrincipalType":"Group","RightName":"WriteDacl","IsInherited":true},{"PrincipalSID":"OFFSEC.NL-S-1-5-32-544","PrincipalType":"Group","RightName":"WriteOwner","IsInherited":true}],"ObjectIdentifier":"3326C67D-8F10-416A-8809-85F1C273898B","IsDeleted":false,"IsACLProtected":false,"Properties":{"domain":"OFFSEC.NL","name":"POLICIES@OFFSEC.NL","distinguishedname":"CN=POLICIES,CN=SYSTEM,DC=OFFSEC,DC=NL","domainsid":"S-1-5-21-1371919101-1241663934-1364340945","highvalue":false}},{"ChildObjects":[],"Aces":[{"PrincipalSID":"S-1-5-21-1371919101-1241663934-1364340945-512","PrincipalType":"Group","RightName":"Owns","IsInherited":false},{"PrincipalSID":"S-1-5-21-1371919101-1241663934-1364340945-512","PrincipalType":"Group","RightName":"GenericAll","IsInherited":false},{"PrincipalSID":"S-1-5-21-1371919101-1241663934-1364340945-519","PrincipalType":"Group","RightName":"GenericAll","IsInherited":true},{"PrincipalSID":"S-1-5-21-1371919101-1241663934-1364340945-4111","PrincipalType":"Computer","RightName":"GenericAll","IsInherited":true},{"PrincipalSID":"S-1-5-21-1371919101-1241663934-1364340945-4116","PrincipalType":"Computer","RightName":"GenericAll","IsInherited":true},{"PrincipalSID":"S-1-5-21-1371919101-1241663934-1364340945-2347","PrincipalType":"User","RightName":"GenericAll","IsInherited":true},{"PrincipalSID":"S-1-5-21-1371919101-1241663934-1364340945-3952","PrincipalType":"Group","RightName":"GenericAll","IsInherited":true},{"PrincipalSID":"S-1-5-21-1371919101-1241663934-1364340945-3195","PrincipalType":"User","RightName":"GenericAll","IsInherited":true},{"PrincipalSID":"S-1-5-21-1371919101-1241663934-1364340945-1690","PrincipalType":"User","RightName":"GenericAll","IsInherited":true},{"PrincipalSID":"S-1-5-21-1371919101-1241663934-1364340945-2971","PrincipalType":"User","RightName":"GenericAll","IsInherited":true},{"PrincipalSID":"OFFSEC.NL-S-1-5-32-544","PrincipalType":"Group","RightName":"WriteDacl","IsInherited":true},{"PrincipalSID":"OFFSEC.NL-S-1-5-32-544","PrincipalType":"Group","RightName":"WriteOwner","IsInherited":true}],"ObjectIdentifier":"F95B8696-6755-4C3A-B1AA-526950BA717C","IsDeleted":false,"IsACLProtected":false,"Properties":{"domain":"OFFSEC.NL","name":"FOREIGNSECURITYPRINCIPALS@OFFSEC.NL","distinguishedname":"CN=FOREIGNSECURITYPRINCIPALS,DC=OFFSEC,DC=NL","domainsid":"S-1-5-21-1371919101-1241663934-1364340945","highvalue":false}},{"ChildObjects":[],"Aces":[{"PrincipalSID":"S-1-5-21-1371919101-1241663934-1364340945-512","PrincipalType":"Group","RightName":"Owns","IsInherited":false},{"PrincipalSID":"S-1-5-21-1371919101-1241663934-1364340945-512","PrincipalType":"Group","RightName":"WriteDacl","IsInherited":false},{"PrincipalSID":"S-1-5-21-1371919101-1241663934-1364340945-512","PrincipalType":"Group","RightName":"WriteOwner","IsInherited":false},{"PrincipalSID":"S-1-5-21-1371919101-1241663934-1364340945-519","PrincipalType":"Group","RightName":"GenericAll","IsInherited":true},{"PrincipalSID":"S-1-5-21-1371919101-1241663934-1364340945-4111","PrincipalType":"Computer","RightName":"GenericAll","IsInherited":true},{"PrincipalSID":"S-1-5-21-1371919101-1241663934-1364340945-4116","PrincipalType":"Computer","RightName":"GenericAll","IsInherited":true},{"PrincipalSID":"S-1-5-21-1371919101-1241663934-1364340945-2347","PrincipalType":"User","RightName":"GenericAll","IsInherited":true},{"PrincipalSID":"S-1-5-21-1371919101-1241663934-1364340945-3952","PrincipalType":"Group","RightName":"GenericAll","IsInherited":true},{"PrincipalSID":"S-1-5-21-1371919101-1241663934-1364340945-3195","PrincipalType":"User","RightName":"GenericAll","IsInherited":true},{"PrincipalSID":"S-1-5-21-1371919101-1241663934-1364340945-1690","PrincipalType":"User","RightName":"GenericAll","IsInherited":true},{"PrincipalSID":"S-1-5-21-1371919101-1241663934-1364340945-2971","PrincipalType":"User","RightName":"GenericAll","IsInherited":true},{"PrincipalSID":"OFFSEC.NL-S-1-5-32-544","PrincipalType":"Group","RightName":"WriteDacl","IsInherited":true},{"PrincipalSID":"OFFSEC.NL-S-1-5-32-544","PrincipalType":"Group","RightName":"WriteOwner","IsInherited":true}],"ObjectIdentifier":"2A26A155-D60D-433B-B1D2-E24B6841FB88","IsDeleted":false,"IsACLProtected":false,"Properties":{"domain":"OFFSEC.NL","name":"COMPARTITIONSETS@OFFSEC.NL","distinguishedname":"CN=COMPARTITIONSETS,CN=SYSTEM,DC=OFFSEC,DC=NL","domainsid":"S-1-5-21-1371919101-1241663934-1364340945","highvalue":false}},{"ChildObjects":[],"Aces":[{"PrincipalSID":"OFFSEC.NL-S-1-5-9","PrincipalType":"Group","RightName":"WriteDacl","IsInherited":false},{"PrincipalSID":"OFFSEC.NL-S-1-5-9","PrincipalType":"Group","RightName":"WriteOwner","IsInherited":false},{"PrincipalSID":"S-1-5-21-1371919101-1241663934-1364340945-512","PrincipalType":"Group","RightName":"GenericAll","IsInherited":false},{"PrincipalSID":"S-1-5-21-1371919101-1241663934-1364340945-1101","PrincipalType":"Group","RightName":"WriteDacl","IsInherited":false},{"PrincipalSID":"S-1-5-21-1371919101-1241663934-1364340945-1101","PrincipalType":"Group","RightName":"WriteOwner","IsInherited":false},{"PrincipalSID":"S-1-5-21-1371919101-1241663934-1364340945-519","PrincipalType":"Group","RightName":"GenericAll","IsInherited":true},{"PrincipalSID":"S-1-5-21-1371919101-1241663934-1364340945-4111","PrincipalType":"Computer","RightName":"GenericAll","IsInherited":true},{"PrincipalSID":"S-1-5-21-1371919101-1241663934-1364340945-4116","PrincipalType":"Computer","RightName":"GenericAll","IsInherited":true},{"PrincipalSID":"S-1-5-21-1371919101-1241663934-1364340945-2347","PrincipalType":"User","RightName":"GenericAll","IsInherited":true},{"PrincipalSID":"S-1-5-21-1371919101-1241663934-1364340945-3952","PrincipalType":"Group","RightName":"GenericAll","IsInherited":true},{"PrincipalSID":"S-1-5-21-1371919101-1241663934-1364340945-3195","PrincipalType":"User","RightName":"GenericAll","IsInherited":true},{"PrincipalSID":"S-1-5-21-1371919101-1241663934-1364340945-1690","PrincipalType":"User","RightName":"GenericAll","IsInherited":true},{"PrincipalSID":"S-1-5-21-1371919101-1241663934-1364340945-2971","PrincipalType":"User","RightName":"GenericAll","IsInherited":true},{"PrincipalSID":"OFFSEC.NL-S-1-5-32-544","PrincipalType":"Group","RightName":"WriteDacl","IsInherited":true},{"PrincipalSID":"OFFSEC.NL-S-1-5-32-544","PrincipalType":"Group","RightName":"WriteOwner","IsInherited":true}],"ObjectIdentifier":"BBF7FB13-6CD0-4AB4-9BBA-23C3E99D5BF8","IsDeleted":false,"IsACLProtected":false,"Properties":{"domain":"OFFSEC.NL","name":"MICROSOFTDNS@OFFSEC.NL","distinguishedname":"CN=MICROSOFTDNS,CN=SYSTEM,DC=OFFSEC,DC=NL","domainsid":"S-1-5-21-1371919101-1241663934-1364340945","highvalue":false}}],"meta":{"methods":29695,"type":"containers","count":24,"version":4}}