﻿{"data":[{"Aces":[{"PrincipalSID":"S-1-5-21-1371919101-1241663934-1364340945-512","PrincipalType":"Group","RightName":"Owns","IsInherited":false},{"PrincipalSID":"S-1-5-21-1371919101-1241663934-1364340945-512","PrincipalType":"Group","RightName":"WriteDacl","IsInherited":false},{"PrincipalSID":"S-1-5-21-1371919101-1241663934-1364340945-512","PrincipalType":"Group","RightName":"WriteOwner","IsInherited":false},{"PrincipalSID":"S-1-5-21-1371919101-1241663934-1364340945-512","PrincipalType":"Group","RightName":"GenericWrite","IsInherited":false},{"PrincipalSID":"S-1-5-21-1371919101-1241663934-1364340945-512","PrincipalType":"Group","RightName":"WriteDacl","IsInherited":false},{"PrincipalSID":"S-1-5-21-1371919101-1241663934-1364340945-512","PrincipalType":"Group","RightName":"WriteOwner","IsInherited":false},{"PrincipalSID":"S-1-5-21-1371919101-1241663934-1364340945-512","PrincipalType":"Group","RightName":"GenericWrite","IsInherited":false},{"PrincipalSID":"S-1-5-21-1371919101-1241663934-1364340945-519","PrincipalType":"Group","RightName":"WriteDacl","IsInherited":false},{"PrincipalSID":"S-1-5-21-1371919101-1241663934-1364340945-519","PrincipalType":"Group","RightName":"WriteOwner","IsInherited":false},{"PrincipalSID":"S-1-5-21-1371919101-1241663934-1364340945-519","PrincipalType":"Group","RightName":"GenericWrite","IsInherited":false}],"ObjectIdentifier":"C65D4C8E-82B8-4F6E-B2A4-2EE13E1357CA","IsDeleted":false,"IsACLProtected":true,"Properties":{"domain":"OFFSEC.NL","name":"DEFAULT DOMAIN CONTROLLERS POLICY@OFFSEC.NL","distinguishedname":"CN={6AC1786C-016F-11D2-945F-00C04FB984F9},CN=POLICIES,CN=SYSTEM,DC=OFFSEC,DC=NL","domainsid":"S-1-5-21-1371919101-1241663934-1364340945","highvalue":false,"description":null,"whencreated":1656944197,"gpcpath":"\\\\OFFSEC.NL\\SYSVOL\\OFFSEC.NL\\POLICIES\\{6AC1786C-016F-11D2-945F-00C04FB984F9}"}},{"Aces":[{"PrincipalSID":"S-1-5-21-1371919101-1241663934-1364340945-512","PrincipalType":"Group","RightName":"Owns","IsInherited":false},{"PrincipalSID":"S-1-5-21-1371919101-1241663934-1364340945-512","PrincipalType":"Group","RightName":"WriteDacl","IsInherited":false},{"PrincipalSID":"S-1-5-21-1371919101-1241663934-1364340945-512","PrincipalType":"Group","RightName":"WriteOwner","IsInherited":false},{"PrincipalSID":"S-1-5-21-1371919101-1241663934-1364340945-512","PrincipalType":"Group","RightName":"GenericWrite","IsInherited":false},{"PrincipalSID":"S-1-5-21-1371919101-1241663934-1364340945-512","PrincipalType":"Group","RightName":"WriteDacl","IsInherited":false},{"PrincipalSID":"S-1-5-21-1371919101-1241663934-1364340945-512","PrincipalType":"Group","RightName":"WriteOwner","IsInherited":false},{"PrincipalSID":"S-1-5-21-1371919101-1241663934-1364340945-512","PrincipalType":"Group","RightName":"GenericWrite","IsInherited":false},{"PrincipalSID":"S-1-5-21-1371919101-1241663934-1364340945-519","PrincipalType":"Group","RightName":"WriteDacl","IsInherited":false},{"PrincipalSID":"S-1-5-21-1371919101-1241663934-1364340945-519","PrincipalType":"Group","RightName":"WriteOwner","IsInherited":false},{"PrincipalSID":"S-1-5-21-1371919101-1241663934-1364340945-519","PrincipalType":"Group","RightName":"GenericWrite","IsInherited":false}],"ObjectIdentifier":"AD14A610-850A-42FB-BC93-26C57C3649F6","IsDeleted":false,"IsACLProtected":true,"Properties":{"domain":"OFFSEC.NL","name":"DEFAULT DOMAIN POLICY@OFFSEC.NL","distinguishedname":"CN={31B2F340-016D-11D2-945F-00C04FB984F9},CN=POLICIES,CN=SYSTEM,DC=OFFSEC,DC=NL","domainsid":"S-1-5-21-1371919101-1241663934-1364340945","highvalue":false,"description":null,"whencreated":1656944197,"gpcpath":"\\\\OFFSEC.NL\\SYSVOL\\OFFSEC.NL\\POLICIES\\{31B2F340-016D-11D2-945F-00C04FB984F9}"}}],"meta":{"methods":29695,"type":"gpos","count":2,"version":4}}