"UserName","Name","DNSHostName","Enabled","IPv4Address","Operating System","Logon Age (days)","Password Age (days)","Dormant (> 90 days)","Password Age (> 30 days)","Delegation Type","Delegation Protocol","Delegation Services","Primary Group ID","SID","SIDHistory","Description","ms-ds-CreatorSid","Last Logon Date","Password LastSet","UserAccountControl","whenCreated","whenChanged","Distinguished Name"
"DC01$","DC01","DC01.offsec.nl","True","100.120.137.43","Windows Server 2022 Standard 10.0 (20348)","0","0","False","False",,,,"516","S-1-5-21-2063503733-3105603459-3207999285-1000","","",,"10/29/2023 3:46:45 PM","10/29/2023 3:46:34 PM","532480","9/16/2023 7:41:34 PM","10/29/2023 3:46:45 PM","CN=DC01,OU=Domain Controllers,DC=offsec,DC=nl"
"DC02$","DC02","DC02.offsec.nl","True","100.108.80.137","Windows Server 2016 Standard 10.0 (14393)","0","0","False","False",,,,"516","S-1-5-21-2063503733-3105603459-3207999285-1103","","",,"10/29/2023 3:46:47 PM","10/29/2023 4:01:32 PM","532480","9/16/2023 7:45:12 PM","10/29/2023 4:01:32 PM","CN=DC02,OU=Domain Controllers,DC=offsec,DC=nl"
"CL01$","CL01","CL01.offsec.nl","True","192.168.1.52","Windows 10 Pro 10.0 (19045)","0","0","False","False",,,,"515","S-1-5-21-2063503733-3105603459-3207999285-3937","","","S-1-5-21-2063503733-3105603459-3207999285-3551","10/29/2023 3:46:46 PM","10/29/2023 3:49:39 PM","4096","9/16/2023 8:14:22 PM","10/29/2023 3:49:39 PM","CN=CL01,CN=Computers,DC=offsec,DC=nl"
"HREWLPT1000000$","HREWLPT1000000",,"True",,"-",,"42","False","True",,,,"515","S-1-5-21-2063503733-3105603459-3207999285-4597","","Created with secframe.com/badblood.",,,"9/16/2023 8:20:26 PM","4096","9/16/2023 8:20:26 PM","9/16/2023 8:20:26 PM","CN=HREWLPT1000000,OU=OGC,OU=Tier 2,DC=offsec,DC=nl"
"CL02$","CL02","CL02.offsec.nl","True","192.168.1.53","Windows 11 Pro 10.0 (22621)","23","42","False","True",,,,"515","S-1-5-21-2063503733-3105603459-3207999285-1601","","","S-1-5-21-2063503733-3105603459-3207999285-3551","10/5/2023 4:45:05 PM","9/16/2023 8:18:18 PM","4096","9/16/2023 8:18:18 PM","10/5/2023 4:45:05 PM","CN=CL02,CN=Computers,DC=offsec,DC=nl"
"TSTWSECS1000000$","TSTWSECS1000000",,"True",,"-",,"42","False","True",,,,"515","S-1-5-21-2063503733-3105603459-3207999285-4591","","Created with secframe.com/badblood.",,,"9/16/2023 8:20:12 PM","4096","9/16/2023 8:20:12 PM","9/16/2023 8:20:12 PM","CN=TSTWSECS1000000,OU=ServiceAccounts,OU=FIN,OU=Stage,DC=offsec,DC=nl"
"FINWLPT1000001$","FINWLPT1000001",,"True",,"-",,"42","False","True",,,,"515","S-1-5-21-2063503733-3105603459-3207999285-4607","","Created with secframe.com/badblood.",,,"9/16/2023 8:20:49 PM","4096","9/16/2023 8:20:49 PM","9/16/2023 8:20:49 PM","CN=FINWLPT1000001,OU=Test,OU=TST,OU=Tier 1,DC=offsec,DC=nl"
"ESMWAPPS1000000$","ESMWAPPS1000000",,"True",,"-",,"42","False","True",,,,"515","S-1-5-21-2063503733-3105603459-3207999285-4592","","Created with secframe.com/badblood.",,,"9/16/2023 8:20:14 PM","4096","9/16/2023 8:20:14 PM","9/16/2023 8:20:14 PM","CN=ESMWAPPS1000000,OU=Devices,OU=FIN,OU=Stage,DC=offsec,DC=nl"
"TSTWLPT1000000$","TSTWLPT1000000",,"True",,"-",,"42","False","True",,,,"515","S-1-5-21-2063503733-3105603459-3207999285-4598","","Created with secframe.com/badblood.",,,"9/16/2023 8:20:28 PM","4096","9/16/2023 8:20:28 PM","9/16/2023 8:20:29 PM","CN=TSTWLPT1000000,OU=Test,OU=ESM,OU=Tier 1,DC=offsec,DC=nl"
"TSTWWEBS1000000$","TSTWWEBS1000000",,"True",,"-",,"42","False","True",,,,"515","S-1-5-21-2063503733-3105603459-3207999285-4593","","Created with secframe.com/badblood.",,,"9/16/2023 8:20:16 PM","4096","9/16/2023 8:20:16 PM","9/16/2023 8:20:16 PM","CN=TSTWWEBS1000000,OU=ServiceAccounts,OU=ITS,OU=Stage,DC=offsec,DC=nl"
"TSTWAPPS1000000$","TSTWAPPS1000000",,"True",,"-",,"42","False","True",,,,"515","S-1-5-21-2063503733-3105603459-3207999285-4608","","Created with secframe.com/badblood.",,,"9/16/2023 8:20:51 PM","4096","9/16/2023 8:20:51 PM","9/16/2023 8:20:51 PM","CN=TSTWAPPS1000000,OU=Grouper-Groups,DC=offsec,DC=nl"
"TSTWLPT1000001$","TSTWLPT1000001",,"True",,"-",,"42","False","True",,,,"515","S-1-5-21-2063503733-3105603459-3207999285-4599","","Created with secframe.com/badblood.",,,"9/16/2023 8:20:31 PM","4096","9/16/2023 8:20:31 PM","9/16/2023 8:20:31 PM","CN=TSTWLPT1000001,OU=ServiceAccounts,OU=HRE,OU=Tier 1,DC=offsec,DC=nl"
"BDEWWKS1000000$","BDEWWKS1000000",,"True",,"-",,"42","False","True",,,,"515","S-1-5-21-2063503733-3105603459-3207999285-4594","","Created with secframe.com/badblood.",,,"9/16/2023 8:20:19 PM","4096","9/16/2023 8:20:19 PM","9/16/2023 8:20:19 PM","CN=BDEWWKS1000000,OU=Devices,OU=AZR,OU=Stage,DC=offsec,DC=nl"
"FINWLPT1000000$","FINWLPT1000000",,"True",,"-",,"42","False","True",,,,"515","S-1-5-21-2063503733-3105603459-3207999285-4595","","Created with secframe.com/badblood.",,,"9/16/2023 8:20:21 PM","4096","9/16/2023 8:20:21 PM","9/16/2023 8:20:21 PM","CN=FINWLPT1000000,OU=ServiceAccounts,OU=FSR,OU=Stage,DC=offsec,DC=nl"
"HREWWEBS1000001$","HREWWEBS1000001",,"True",,"-",,"42","False","True",,,,"515","S-1-5-21-2063503733-3105603459-3207999285-4609","","Created with secframe.com/badblood.",,,"9/16/2023 8:20:53 PM","4096","9/16/2023 8:20:53 PM","9/16/2023 8:20:53 PM","CN=HREWWEBS1000001,OU=GOO,OU=Tier 1,DC=offsec,DC=nl"
"AWSWWEBS1000000$","AWSWWEBS1000000",,"True",,"-",,"42","False","True",,,,"515","S-1-5-21-2063503733-3105603459-3207999285-4600","","Created with secframe.com/badblood.",,,"9/16/2023 8:20:33 PM","4096","9/16/2023 8:20:33 PM","9/16/2023 8:20:33 PM","CN=AWSWWEBS1000000,OU=Devices,OU=FSR,OU=Tier 1,DC=offsec,DC=nl"
"FINWWKS1000000$","FINWWKS1000000",,"True",,"-",,"42","False","True",,,,"515","S-1-5-21-2063503733-3105603459-3207999285-4596","","Created with secframe.com/badblood.",,,"9/16/2023 8:20:24 PM","4096","9/16/2023 8:20:24 PM","9/16/2023 8:20:24 PM","CN=FINWWKS1000000,OU=T1-Permissions,OU=Tier 1,OU=Admin,DC=offsec,DC=nl"
"FSRWWEBS1000000$","FSRWWEBS1000000",,"True",,"-",,"42","False","True",,,,"515","S-1-5-21-2063503733-3105603459-3207999285-4610","","Created with secframe.com/badblood.",,,"9/16/2023 8:20:55 PM","4096","9/16/2023 8:20:55 PM","9/16/2023 8:20:56 PM","CN=FSRWWEBS1000000,OU=GOO,OU=Tier 2,DC=offsec,DC=nl"
"FINWCTRX1000000$","FINWCTRX1000000",,"True",,"-",,"42","False","True",,,,"515","S-1-5-21-2063503733-3105603459-3207999285-4601","","Created with secframe.com/badblood.",,,"9/16/2023 8:20:36 PM","4096","9/16/2023 8:20:36 PM","9/16/2023 8:20:36 PM","CN=FINWCTRX1000000,OU=ServiceAccounts,OU=ITS,OU=Stage,DC=offsec,DC=nl"
"GOOWAPPS1000000$","GOOWAPPS1000000",,"True",,"-",,"42","False","True",,,,"515","S-1-5-21-2063503733-3105603459-3207999285-4602","","Created with secframe.com/badblood.",,,"9/16/2023 8:20:38 PM","4096","9/16/2023 8:20:38 PM","9/16/2023 8:20:38 PM","CN=GOOWAPPS1000000,OU=Groups,OU=TST,OU=Stage,DC=offsec,DC=nl"
"AZRWAPPS1000000$","AZRWAPPS1000000",,"True",,"-",,"42","False","True",,,,"515","S-1-5-21-2063503733-3105603459-3207999285-4611","","Created with secframe.com/badblood.",,,"9/16/2023 8:20:58 PM","4096","9/16/2023 8:20:58 PM","9/16/2023 8:20:58 PM","CN=AZRWAPPS1000000,OU=T1-Accounts,OU=Tier 1,OU=Admin,DC=offsec,DC=nl"
"ITSWDBAS1000000$","ITSWDBAS1000000",,"True",,"-",,"42","False","True",,,,"515","S-1-5-21-2063503733-3105603459-3207999285-4603","","Created with secframe.com/badblood.",,,"9/16/2023 8:20:40 PM","4096","9/16/2023 8:20:40 PM","9/16/2023 8:20:40 PM","CN=ITSWDBAS1000000,OU=TST,OU=People,DC=offsec,DC=nl"
"ESMWWEBS1000000$","ESMWWEBS1000000",,"True",,"-",,"42","False","True",,,,"515","S-1-5-21-2063503733-3105603459-3207999285-4612","","Created with secframe.com/badblood.",,,"9/16/2023 8:21:00 PM","4096","9/16/2023 8:21:00 PM","9/16/2023 8:21:00 PM","CN=ESMWWEBS1000000,OU=BDE,OU=Tier 2,DC=offsec,DC=nl"
"FINWWEBS1000000$","FINWWEBS1000000",,"True",,"-",,"42","False","True",,,,"515","S-1-5-21-2063503733-3105603459-3207999285-4604","","Created with secframe.com/badblood.",,,"9/16/2023 8:20:42 PM","4096","9/16/2023 8:20:42 PM","9/16/2023 8:20:42 PM","CN=FINWWEBS1000000,OU=Test,OU=ITS,OU=Tier 1,DC=offsec,DC=nl"
"BDEWLPT1000000$","BDEWLPT1000000",,"True",,"-",,"42","False","True",,,,"515","S-1-5-21-2063503733-3105603459-3207999285-4617","","Created with secframe.com/badblood.",,,"9/16/2023 8:21:12 PM","4096","9/16/2023 8:21:12 PM","9/16/2023 8:21:12 PM","CN=BDEWLPT1000000,OU=Devices,OU=FSR,OU=Tier 2,DC=offsec,DC=nl"
"ESMWVIR1000000$","ESMWVIR1000000",,"True",,"-",,"42","False","True",,,,"515","S-1-5-21-2063503733-3105603459-3207999285-4613","","Created with secframe.com/badblood.",,,"9/16/2023 8:21:03 PM","4096","9/16/2023 8:21:03 PM","9/16/2023 8:21:03 PM","CN=ESMWVIR1000000,OU=Groups,OU=HRE,OU=Tier 2,DC=offsec,DC=nl"
"HREWWEBS1000000$","HREWWEBS1000000",,"True",,"-",,"42","False","True",,,,"515","S-1-5-21-2063503733-3105603459-3207999285-4605","","Created with secframe.com/badblood.",,,"9/16/2023 8:20:44 PM","4096","9/16/2023 8:20:44 PM","9/16/2023 8:20:45 PM","CN=HREWWEBS1000000,OU=T1-Devices,OU=Tier 1,OU=Admin,DC=offsec,DC=nl"
"OGCWLPT1000000$","OGCWLPT1000000",,"True",,"-",,"42","False","True",,,,"515","S-1-5-21-2063503733-3105603459-3207999285-4614","","Created with secframe.com/badblood.",,,"9/16/2023 8:21:06 PM","4096","9/16/2023 8:21:06 PM","9/16/2023 8:21:06 PM","CN=OGCWLPT1000000,OU=ServiceAccounts,OU=FSR,OU=Tier 2,DC=offsec,DC=nl"
"OGCWVIR1000000$","OGCWVIR1000000",,"True",,"-",,"42","False","True",,,,"515","S-1-5-21-2063503733-3105603459-3207999285-4615","","Created with secframe.com/badblood.",,,"9/16/2023 8:21:08 PM","4096","9/16/2023 8:21:08 PM","9/16/2023 8:21:08 PM","CN=OGCWVIR1000000,OU=Groups,OU=ITS,OU=Tier 2,DC=offsec,DC=nl"
"FINWCTRX1000001$","FINWCTRX1000001",,"True",,"-",,"42","False","True",,,,"515","S-1-5-21-2063503733-3105603459-3207999285-4618","","Created with secframe.com/badblood.",,,"9/16/2023 8:21:14 PM","4096","9/16/2023 8:21:14 PM","9/16/2023 8:21:14 PM","CN=FINWCTRX1000001,OU=ServiceAccounts,OU=FSR,OU=Tier 2,DC=offsec,DC=nl"
"FSRWSECS1000000$","FSRWSECS1000000",,"True",,"-",,"42","False","True",,,,"515","S-1-5-21-2063503733-3105603459-3207999285-4606","","Created with secframe.com/badblood.",,,"9/16/2023 8:20:47 PM","4096","9/16/2023 8:20:47 PM","9/16/2023 8:20:47 PM","CN=FSRWSECS1000000,OU=Devices,OU=AWS,OU=Tier 2,DC=offsec,DC=nl"
"HREWAPPS1000000$","HREWAPPS1000000",,"True",,"-",,"42","False","True",,,,"515","S-1-5-21-2063503733-3105603459-3207999285-4616","","Created with secframe.com/badblood.",,,"9/16/2023 8:21:10 PM","4096","9/16/2023 8:21:10 PM","9/16/2023 8:21:10 PM","CN=HREWAPPS1000000,OU=Test,OU=AWS,OU=Tier 1,DC=offsec,DC=nl"
"FINWCTRX1000002$","FINWCTRX1000002",,"True",,"-",,"42","False","True",,,,"515","S-1-5-21-2063503733-3105603459-3207999285-4619","","Created with secframe.com/badblood.",,,"9/16/2023 8:21:16 PM","4096","9/16/2023 8:21:16 PM","9/16/2023 8:21:16 PM","CN=FINWCTRX1000002,OU=T1-Accounts,OU=Tier 1,OU=Admin,DC=offsec,DC=nl"
"TSTWAPPS1000001$","TSTWAPPS1000001",,"True",,"-",,"42","False","True",,,,"515","S-1-5-21-2063503733-3105603459-3207999285-4620","","Created with secframe.com/badblood.",,,"9/16/2023 8:21:18 PM","4096","9/16/2023 8:21:18 PM","9/16/2023 8:21:18 PM","CN=TSTWAPPS1000001,OU=ServiceAccounts,OU=FSR,OU=Tier 1,DC=offsec,DC=nl"
"AZRWCTRX1000000$","AZRWCTRX1000000",,"True",,"-",,"42","False","True",,,,"515","S-1-5-21-2063503733-3105603459-3207999285-4621","","Created with secframe.com/badblood.",,,"9/16/2023 8:21:19 PM","4096","9/16/2023 8:21:19 PM","9/16/2023 8:21:19 PM","CN=AZRWCTRX1000000,OU=Devices,OU=ESM,OU=Tier 2,DC=offsec,DC=nl"
"OGCWVIR1000001$","OGCWVIR1000001",,"True",,"-",,"42","False","True",,,,"515","S-1-5-21-2063503733-3105603459-3207999285-4627","","Created with secframe.com/badblood.",,,"9/16/2023 8:21:31 PM","4096","9/16/2023 8:21:31 PM","9/16/2023 8:21:31 PM","CN=OGCWVIR1000001,OU=ServiceAccounts,OU=SEC,OU=Tier 1,DC=offsec,DC=nl"
"TSTWLPT1000002$","TSTWLPT1000002",,"True",,"-",,"42","False","True",,,,"515","S-1-5-21-2063503733-3105603459-3207999285-4622","","Created with secframe.com/badblood.",,,"9/16/2023 8:21:21 PM","4096","9/16/2023 8:21:21 PM","9/16/2023 8:21:21 PM","CN=TSTWLPT1000002,OU=Test,OU=ESM,OU=Tier 2,DC=offsec,DC=nl"
"ESMWAPPS1000001$","ESMWAPPS1000001",,"True",,"-",,"42","False","True",,,,"515","S-1-5-21-2063503733-3105603459-3207999285-4637","","Created with secframe.com/badblood.",,,"9/16/2023 8:21:49 PM","4096","9/16/2023 8:21:49 PM","9/16/2023 8:21:49 PM","CN=ESMWAPPS1000001,OU=Devices,OU=SEC,OU=Stage,DC=offsec,DC=nl"
"AWSWVIR1000000$","AWSWVIR1000000",,"True",,"-",,"42","False","True",,,,"515","S-1-5-21-2063503733-3105603459-3207999285-4623","","Created with secframe.com/badblood.",,,"9/16/2023 8:21:23 PM","4096","9/16/2023 8:21:23 PM","9/16/2023 8:21:24 PM","CN=AWSWVIR1000000,OU=ServiceAccounts,OU=AWS,OU=Stage,DC=offsec,DC=nl"
"ESMWWKS1000000$","ESMWWKS1000000",,"True",,"-",,"42","False","True",,,,"515","S-1-5-21-2063503733-3105603459-3207999285-4628","","Created with secframe.com/badblood.",,,"9/16/2023 8:21:33 PM","4096","9/16/2023 8:21:33 PM","9/16/2023 8:21:33 PM","CN=ESMWWKS1000000,OU=T2-Permissions,OU=Tier 2,OU=Admin,DC=offsec,DC=nl"
"SECWDBAS1000000$","SECWDBAS1000000",,"True",,"-",,"42","False","True",,,,"515","S-1-5-21-2063503733-3105603459-3207999285-4624","","Created with secframe.com/badblood.",,,"9/16/2023 8:21:25 PM","4096","9/16/2023 8:21:25 PM","9/16/2023 8:21:25 PM","CN=SECWDBAS1000000,OU=Test,OU=SEC,OU=Stage,DC=offsec,DC=nl"
"TSTWWKS1000000$","TSTWWKS1000000",,"True",,"-",,"42","False","True",,,,"515","S-1-5-21-2063503733-3105603459-3207999285-4638","","Created with secframe.com/badblood.",,,"9/16/2023 8:21:51 PM","4096","9/16/2023 8:21:51 PM","9/16/2023 8:21:51 PM","CN=TSTWWKS1000000,OU=Test,OU=OGC,OU=Stage,DC=offsec,DC=nl"
"BDEWSECS1000000$","BDEWSECS1000000",,"True",,"-",,"42","False","True",,,,"515","S-1-5-21-2063503733-3105603459-3207999285-4629","","Created with secframe.com/badblood.",,,"9/16/2023 8:21:35 PM","4096","9/16/2023 8:21:35 PM","9/16/2023 8:21:35 PM","CN=BDEWSECS1000000,OU=FIN,OU=Tier 1,DC=offsec,DC=nl"
"SECWWKS1000000$","SECWWKS1000000",,"True",,"-",,"42","False","True",,,,"515","S-1-5-21-2063503733-3105603459-3207999285-4625","","Created with secframe.com/badblood.",,,"9/16/2023 8:21:27 PM","4096","9/16/2023 8:21:27 PM","9/16/2023 8:21:27 PM","CN=SECWWKS1000000,OU=Test,OU=OGC,OU=Tier 2,DC=offsec,DC=nl"
"HREWDBAS1000000$","HREWDBAS1000000",,"True",,"-",,"42","False","True",,,,"515","S-1-5-21-2063503733-3105603459-3207999285-4630","","Created with secframe.com/badblood.",,,"9/16/2023 8:21:37 PM","4096","9/16/2023 8:21:37 PM","9/16/2023 8:21:37 PM","CN=HREWDBAS1000000,OU=Devices,OU=HRE,OU=Tier 2,DC=offsec,DC=nl"
"GOOWSECS1000000$","GOOWSECS1000000",,"True",,"-",,"42","False","True",,,,"515","S-1-5-21-2063503733-3105603459-3207999285-4639","","Created with secframe.com/badblood.",,,"9/16/2023 8:21:52 PM","4096","9/16/2023 8:21:52 PM","9/16/2023 8:21:53 PM","CN=GOOWSECS1000000,OU=Test,OU=BDE,OU=Tier 1,DC=offsec,DC=nl"
"FSRWAPPS1000000$","FSRWAPPS1000000",,"True",,"-",,"42","False","True",,,,"515","S-1-5-21-2063503733-3105603459-3207999285-4626","","Created with secframe.com/badblood.",,,"9/16/2023 8:21:29 PM","4096","9/16/2023 8:21:29 PM","9/16/2023 8:21:29 PM","CN=FSRWAPPS1000000,OU=T0-Accounts,OU=Tier 0,OU=Admin,DC=offsec,DC=nl"
"AZRWAPPS1000001$","AZRWAPPS1000001",,"True",,"-",,"42","False","True",,,,"515","S-1-5-21-2063503733-3105603459-3207999285-4631","","Created with secframe.com/badblood.",,,"9/16/2023 8:21:38 PM","4096","9/16/2023 8:21:38 PM","9/16/2023 8:21:38 PM","CN=AZRWAPPS1000001,OU=FIN,OU=Stage,DC=offsec,DC=nl"
"BDEWSECS1000001$","BDEWSECS1000001",,"True",,"-",,"42","False","True",,,,"515","S-1-5-21-2063503733-3105603459-3207999285-4640","","Created with secframe.com/badblood.",,,"9/16/2023 8:21:54 PM","4096","9/16/2023 8:21:54 PM","9/16/2023 8:21:54 PM","CN=BDEWSECS1000001,OU=Devices,OU=BDE,OU=Tier 1,DC=offsec,DC=nl"
"OGCWAPPS1000000$","OGCWAPPS1000000",,"True",,"-",,"42","False","True",,,,"515","S-1-5-21-2063503733-3105603459-3207999285-4632","","Created with secframe.com/badblood.",,,"9/16/2023 8:21:40 PM","4096","9/16/2023 8:21:40 PM","9/16/2023 8:21:40 PM","CN=OGCWAPPS1000000,OU=TST,OU=People,DC=offsec,DC=nl"
"HREWVIR1000000$","HREWVIR1000000",,"True",,"-",,"42","False","True",,,,"515","S-1-5-21-2063503733-3105603459-3207999285-4641","","Created with secframe.com/badblood.",,,"9/16/2023 8:21:56 PM","4096","9/16/2023 8:21:56 PM","9/16/2023 8:21:56 PM","CN=HREWVIR1000000,OU=TST,OU=Tier 2,DC=offsec,DC=nl"
"HREWAPPS1000001$","HREWAPPS1000001",,"True",,"-",,"42","False","True",,,,"515","S-1-5-21-2063503733-3105603459-3207999285-4647","","Created with secframe.com/badblood.",,,"9/16/2023 8:22:07 PM","4096","9/16/2023 8:22:07 PM","9/16/2023 8:22:07 PM","CN=HREWAPPS1000001,OU=Devices,OU=ITS,OU=Tier 1,DC=offsec,DC=nl"
"OGCWLPT1000001$","OGCWLPT1000001",,"True",,"-",,"42","False","True",,,,"515","S-1-5-21-2063503733-3105603459-3207999285-4633","","Created with secframe.com/badblood.",,,"9/16/2023 8:21:42 PM","4096","9/16/2023 8:21:42 PM","9/16/2023 8:21:42 PM","CN=OGCWLPT1000001,OU=ITS,OU=Tier 2,DC=offsec,DC=nl"
"HREWLPT1000001$","HREWLPT1000001",,"True",,"-",,"42","False","True",,,,"515","S-1-5-21-2063503733-3105603459-3207999285-4642","","Created with secframe.com/badblood.",,,"9/16/2023 8:21:58 PM","4096","9/16/2023 8:21:58 PM","9/16/2023 8:21:58 PM","CN=HREWLPT1000001,OU=Test,OU=FSR,OU=Tier 2,DC=offsec,DC=nl"
"FINWLPT1000002$","FINWLPT1000002",,"True",,"-",,"42","False","True",,,,"515","S-1-5-21-2063503733-3105603459-3207999285-4648","","Created with secframe.com/badblood.",,,"9/16/2023 8:22:09 PM","4096","9/16/2023 8:22:09 PM","9/16/2023 8:22:09 PM","CN=FINWLPT1000002,OU=ServiceAccounts,OU=OGC,OU=Stage,DC=offsec,DC=nl"
"OGCWDBAS1000000$","OGCWDBAS1000000",,"True",,"-",,"42","False","True",,,,"515","S-1-5-21-2063503733-3105603459-3207999285-4634","","Created with secframe.com/badblood.",,,"9/16/2023 8:21:44 PM","4096","9/16/2023 8:21:44 PM","9/16/2023 8:21:44 PM","CN=OGCWDBAS1000000,OU=Devices,OU=BDE,OU=Tier 2,DC=offsec,DC=nl"
"SECWWKS1000001$","SECWWKS1000001",,"True",,"-",,"42","False","True",,,,"515","S-1-5-21-2063503733-3105603459-3207999285-4643","","Created with secframe.com/badblood.",,,"9/16/2023 8:22:00 PM","4096","9/16/2023 8:22:00 PM","9/16/2023 8:22:00 PM","CN=SECWWKS1000001,OU=Test,OU=HRE,OU=Tier 2,DC=offsec,DC=nl"
"TSTWWEBS1000001$","TSTWWEBS1000001",,"True",,"-",,"42","False","True",,,,"515","S-1-5-21-2063503733-3105603459-3207999285-4649","","Created with secframe.com/badblood.",,,"9/16/2023 8:22:11 PM","4096","9/16/2023 8:22:11 PM","9/16/2023 8:22:11 PM","CN=TSTWWEBS1000001,OU=Groups,OU=SEC,OU=Tier 1,DC=offsec,DC=nl"
"FINWAPPS1000000$","FINWAPPS1000000",,"True",,"-",,"42","False","True",,,,"515","S-1-5-21-2063503733-3105603459-3207999285-4635","","Created with secframe.com/badblood.",,,"9/16/2023 8:21:45 PM","4096","9/16/2023 8:21:45 PM","9/16/2023 8:21:46 PM","CN=FINWAPPS1000000,OU=Test,OU=AWS,OU=Stage,DC=offsec,DC=nl"
"ITSWVIR1000000$","ITSWVIR1000000",,"True",,"-",,"42","False","True",,,,"515","S-1-5-21-2063503733-3105603459-3207999285-4650","","Created with secframe.com/badblood.",,,"9/16/2023 8:22:13 PM","4096","9/16/2023 8:22:13 PM","9/16/2023 8:22:13 PM","CN=ITSWVIR1000000,OU=ServiceAccounts,OU=SEC,OU=Stage,DC=offsec,DC=nl"
"ITSWDBAS1000001$","ITSWDBAS1000001",,"True",,"-",,"42","False","True",,,,"515","S-1-5-21-2063503733-3105603459-3207999285-4644","","Created with secframe.com/badblood.",,,"9/16/2023 8:22:02 PM","4096","9/16/2023 8:22:02 PM","9/16/2023 8:22:02 PM","CN=ITSWDBAS1000001,OU=Devices,OU=HRE,OU=Tier 2,DC=offsec,DC=nl"
"BDEWLPT1000001$","BDEWLPT1000001",,"True",,"-",,"42","False","True",,,,"515","S-1-5-21-2063503733-3105603459-3207999285-4651","","Created with secframe.com/badblood.",,,"9/16/2023 8:22:15 PM","4096","9/16/2023 8:22:15 PM","9/16/2023 8:22:15 PM","CN=BDEWLPT1000001,OU=Devices,OU=GOO,OU=Tier 1,DC=offsec,DC=nl"
"HREWWEBS1000002$","HREWWEBS1000002",,"True",,"-",,"42","False","True",,,,"515","S-1-5-21-2063503733-3105603459-3207999285-4636","","Created with secframe.com/badblood.",,,"9/16/2023 8:21:47 PM","4096","9/16/2023 8:21:47 PM","9/16/2023 8:21:47 PM","CN=HREWWEBS1000002,OU=Groups,OU=BDE,OU=Tier 1,DC=offsec,DC=nl"
"AZRWWKS1000000$","AZRWWKS1000000",,"True",,"-",,"42","False","True",,,,"515","S-1-5-21-2063503733-3105603459-3207999285-4645","","Created with secframe.com/badblood.",,,"9/16/2023 8:22:04 PM","4096","9/16/2023 8:22:04 PM","9/16/2023 8:22:04 PM","CN=AZRWWKS1000000,OU=Devices,OU=FIN,OU=Stage,DC=offsec,DC=nl"
"OGCWVIR1000002$","OGCWVIR1000002",,"True",,"-",,"42","False","True",,,,"515","S-1-5-21-2063503733-3105603459-3207999285-4652","","Created with secframe.com/badblood.",,,"9/16/2023 8:22:17 PM","4096","9/16/2023 8:22:17 PM","9/16/2023 8:22:17 PM","CN=OGCWVIR1000002,OU=Test,OU=OGC,OU=Tier 1,DC=offsec,DC=nl"
"HREWLPT1000002$","HREWLPT1000002",,"True",,"-",,"42","False","True",,,,"515","S-1-5-21-2063503733-3105603459-3207999285-4646","","Created with secframe.com/badblood.",,,"9/16/2023 8:22:06 PM","4096","9/16/2023 8:22:06 PM","9/16/2023 8:22:06 PM","CN=HREWLPT1000002,OU=Test,OU=AWS,OU=Stage,DC=offsec,DC=nl"
"ESMWAPPS1000002$","ESMWAPPS1000002",,"True",,"-",,"42","False","True",,,,"515","S-1-5-21-2063503733-3105603459-3207999285-4653","","Created with secframe.com/badblood.",,,"9/16/2023 8:22:18 PM","4096","9/16/2023 8:22:18 PM","9/16/2023 8:22:18 PM","CN=ESMWAPPS1000002,OU=Devices,OU=AZR,OU=Tier 2,DC=offsec,DC=nl"
"AZRWAPPS1000002$","AZRWAPPS1000002",,"True",,"-",,"42","False","True",,,,"515","S-1-5-21-2063503733-3105603459-3207999285-4654","","Created with secframe.com/badblood.",,,"9/16/2023 8:22:20 PM","4096","9/16/2023 8:22:20 PM","9/16/2023 8:22:20 PM","CN=AZRWAPPS1000002,OU=AWS,OU=People,DC=offsec,DC=nl"
"BDEWVIR1000000$","BDEWVIR1000000",,"True",,"-",,"42","False","True",,,,"515","S-1-5-21-2063503733-3105603459-3207999285-4657","","Created with secframe.com/badblood.",,,"9/16/2023 8:22:26 PM","4096","9/16/2023 8:22:26 PM","9/16/2023 8:22:26 PM","CN=BDEWVIR1000000,OU=ITS,OU=People,DC=offsec,DC=nl"
"SECWVIR1000000$","SECWVIR1000000",,"True",,"-",,"42","False","True",,,,"515","S-1-5-21-2063503733-3105603459-3207999285-4655","","Created with secframe.com/badblood.",,,"9/16/2023 8:22:22 PM","4096","9/16/2023 8:22:22 PM","9/16/2023 8:22:22 PM","CN=SECWVIR1000000,OU=TST,OU=People,DC=offsec,DC=nl"
"BDEWLPT1000002$","BDEWLPT1000002",,"True",,"-",,"42","False","True",,,,"515","S-1-5-21-2063503733-3105603459-3207999285-4658","","Created with secframe.com/badblood.",,,"9/16/2023 8:22:28 PM","4096","9/16/2023 8:22:27 PM","9/16/2023 8:22:28 PM","CN=BDEWLPT1000002,OU=GOO,OU=Tier 2,DC=offsec,DC=nl"
"AZRWLPT1000000$","AZRWLPT1000000",,"True",,"-",,"42","False","True",,,,"515","S-1-5-21-2063503733-3105603459-3207999285-4656","","Created with secframe.com/badblood.",,,"9/16/2023 8:22:24 PM","4096","9/16/2023 8:22:24 PM","9/16/2023 8:22:24 PM","CN=AZRWLPT1000000,OU=Admin,DC=offsec,DC=nl"
"AZRWDBAS1000000$","AZRWDBAS1000000",,"True",,"-",,"42","False","True",,,,"515","S-1-5-21-2063503733-3105603459-3207999285-4667","","Created with secframe.com/badblood.",,,"9/16/2023 8:22:44 PM","4096","9/16/2023 8:22:44 PM","9/16/2023 8:22:44 PM","CN=AZRWDBAS1000000,OU=Test,OU=TST,OU=Tier 2,DC=offsec,DC=nl"
"ESMWSECS1000000$","ESMWSECS1000000",,"True",,"-",,"42","False","True",,,,"515","S-1-5-21-2063503733-3105603459-3207999285-4668","","Created with secframe.com/badblood.",,,"9/16/2023 8:22:46 PM","4096","9/16/2023 8:22:46 PM","9/16/2023 8:22:46 PM","CN=ESMWSECS1000000,OU=AZR,OU=Stage,DC=offsec,DC=nl"
"AWSWLPT1000000$","AWSWLPT1000000",,"True",,"-",,"42","False","True",,,,"515","S-1-5-21-2063503733-3105603459-3207999285-4659","","Created with secframe.com/badblood.",,,"9/16/2023 8:22:29 PM","4096","9/16/2023 8:22:29 PM","9/16/2023 8:22:30 PM","CN=AWSWLPT1000000,OU=Test,OU=ESM,OU=Tier 2,DC=offsec,DC=nl"
"ESMWDBAS1000000$","ESMWDBAS1000000",,"True",,"-",,"42","False","True",,,,"515","S-1-5-21-2063503733-3105603459-3207999285-4669","","Created with secframe.com/badblood.",,,"9/16/2023 8:22:48 PM","4096","9/16/2023 8:22:48 PM","9/16/2023 8:22:48 PM","CN=ESMWDBAS1000000,OU=T0-Devices,OU=Tier 0,OU=Admin,DC=offsec,DC=nl"
"FSRWAPPS1000001$","FSRWAPPS1000001",,"True",,"-",,"42","False","True",,,,"515","S-1-5-21-2063503733-3105603459-3207999285-4677","","Created with secframe.com/badblood.",,,"9/16/2023 8:23:01 PM","4096","9/16/2023 8:23:01 PM","9/16/2023 8:23:02 PM","CN=FSRWAPPS1000001,OU=ServiceAccounts,OU=BDE,OU=Stage,DC=offsec,DC=nl"
"ESMWWKS1000001$","ESMWWKS1000001",,"True",,"-",,"42","False","True",,,,"515","S-1-5-21-2063503733-3105603459-3207999285-4660","","Created with secframe.com/badblood.",,,"9/16/2023 8:22:31 PM","4096","9/16/2023 8:22:31 PM","9/16/2023 8:22:31 PM","CN=ESMWWKS1000001,OU=AWS,OU=Tier 2,DC=offsec,DC=nl"
"HREWSECS1000000$","HREWSECS1000000",,"True",,"-",,"42","False","True",,,,"515","S-1-5-21-2063503733-3105603459-3207999285-4670","","Created with secframe.com/badblood.",,,"9/16/2023 8:22:49 PM","4096","9/16/2023 8:22:49 PM","9/16/2023 8:22:49 PM","CN=HREWSECS1000000,OU=BDE,OU=People,DC=offsec,DC=nl"
"FSRWVIR1000000$","FSRWVIR1000000",,"True",,"-",,"42","False","True",,,,"515","S-1-5-21-2063503733-3105603459-3207999285-4661","","Created with secframe.com/badblood.",,,"9/16/2023 8:22:33 PM","4096","9/16/2023 8:22:33 PM","9/16/2023 8:22:33 PM","CN=FSRWVIR1000000,OU=Groups,OU=ITS,OU=Tier 1,DC=offsec,DC=nl"
"TSTWWKS1000001$","TSTWWKS1000001",,"True",,"-",,"42","False","True",,,,"515","S-1-5-21-2063503733-3105603459-3207999285-4678","","Created with secframe.com/badblood.",,,"9/16/2023 8:23:03 PM","4096","9/16/2023 8:23:03 PM","9/16/2023 8:23:03 PM","CN=TSTWWKS1000001,OU=Groups,OU=ITS,OU=Tier 2,DC=offsec,DC=nl"
"OGCWDBAS1000001$","OGCWDBAS1000001",,"True",,"-",,"42","False","True",,,,"515","S-1-5-21-2063503733-3105603459-3207999285-4671","","Created with secframe.com/badblood.",,,"9/16/2023 8:22:51 PM","4096","9/16/2023 8:22:51 PM","9/16/2023 8:22:51 PM","CN=OGCWDBAS1000001,OU=Test,OU=HRE,OU=Tier 2,DC=offsec,DC=nl"
"TSTWLPT1000003$","TSTWLPT1000003",,"True",,"-",,"42","False","True",,,,"515","S-1-5-21-2063503733-3105603459-3207999285-4662","","Created with secframe.com/badblood.",,,"9/16/2023 8:22:35 PM","4096","9/16/2023 8:22:35 PM","9/16/2023 8:22:35 PM","CN=TSTWLPT1000003,OU=ServiceAccounts,OU=FIN,OU=Tier 2,DC=offsec,DC=nl"
"AWSWLPT1000001$","AWSWLPT1000001",,"True",,"-",,"42","False","True",,,,"515","S-1-5-21-2063503733-3105603459-3207999285-4679","","Created with secframe.com/badblood.",,,"9/16/2023 8:23:05 PM","4096","9/16/2023 8:23:05 PM","9/16/2023 8:23:05 PM","CN=AWSWLPT1000001,OU=ServiceAccounts,OU=HRE,OU=Tier 2,DC=offsec,DC=nl"
"BDEWWKS1000001$","BDEWWKS1000001",,"True",,"-",,"42","False","True",,,,"515","S-1-5-21-2063503733-3105603459-3207999285-4672","","Created with secframe.com/badblood.",,,"9/16/2023 8:22:52 PM","4096","9/16/2023 8:22:52 PM","9/16/2023 8:22:53 PM","CN=BDEWWKS1000001,OU=FSR,OU=Tier 2,DC=offsec,DC=nl"
"SECWAPPS1000000$","SECWAPPS1000000",,"True",,"-",,"42","False","True",,,,"515","S-1-5-21-2063503733-3105603459-3207999285-4663","","Created with secframe.com/badblood.",,,"9/16/2023 8:22:37 PM","4096","9/16/2023 8:22:37 PM","9/16/2023 8:22:37 PM","CN=SECWAPPS1000000,OU=.SecFrame.com,DC=offsec,DC=nl"
"SECWCTRX1000000$","SECWCTRX1000000",,"True",,"-",,"42","False","True",,,,"515","S-1-5-21-2063503733-3105603459-3207999285-4680","","Created with secframe.com/badblood.",,,"9/16/2023 8:23:07 PM","4096","9/16/2023 8:23:07 PM","9/16/2023 8:23:07 PM","CN=SECWCTRX1000000,OU=Devices,OU=AZR,OU=Tier 1,DC=offsec,DC=nl"
"TSTWCTRX1000000$","TSTWCTRX1000000",,"True",,"-",,"42","False","True",,,,"515","S-1-5-21-2063503733-3105603459-3207999285-4673","","Created with secframe.com/badblood.",,,"9/16/2023 8:22:54 PM","4096","9/16/2023 8:22:54 PM","9/16/2023 8:22:54 PM","CN=TSTWCTRX1000000,OU=ESM,OU=Tier 2,DC=offsec,DC=nl"
"SECWLPT1000000$","SECWLPT1000000",,"True",,"-",,"42","False","True",,,,"515","S-1-5-21-2063503733-3105603459-3207999285-4664","","Created with secframe.com/badblood.",,,"9/16/2023 8:22:39 PM","4096","9/16/2023 8:22:39 PM","9/16/2023 8:22:39 PM","CN=SECWLPT1000000,OU=ServiceAccounts,OU=AWS,OU=Stage,DC=offsec,DC=nl"
"TSTWAPPS1000002$","TSTWAPPS1000002",,"True",,"-",,"42","False","True",,,,"515","S-1-5-21-2063503733-3105603459-3207999285-4681","","Created with secframe.com/badblood.",,,"9/16/2023 8:23:08 PM","4096","9/16/2023 8:23:08 PM","9/16/2023 8:23:08 PM","CN=TSTWAPPS1000002,OU=Stage,DC=offsec,DC=nl"
"ITSWVIR1000001$","ITSWVIR1000001",,"True",,"-",,"42","False","True",,,,"515","S-1-5-21-2063503733-3105603459-3207999285-4665","","Created with secframe.com/badblood.",,,"9/16/2023 8:22:41 PM","4096","9/16/2023 8:22:41 PM","9/16/2023 8:22:41 PM","CN=ITSWVIR1000001,OU=Test,OU=TST,OU=Stage,DC=offsec,DC=nl"
"OGCWLPT1000002$","OGCWLPT1000002",,"True",,"-",,"42","False","True",,,,"515","S-1-5-21-2063503733-3105603459-3207999285-4674","","Created with secframe.com/badblood.",,,"9/16/2023 8:22:56 PM","4096","9/16/2023 8:22:56 PM","9/16/2023 8:22:56 PM","CN=OGCWLPT1000002,OU=ESM,OU=Stage,DC=offsec,DC=nl"
"GOOWCTRX1000000$","GOOWCTRX1000000",,"True",,"-",,"42","False","True",,,,"515","S-1-5-21-2063503733-3105603459-3207999285-4682","","Created with secframe.com/badblood.",,,"9/16/2023 8:23:10 PM","4096","9/16/2023 8:23:10 PM","9/16/2023 8:23:10 PM","CN=GOOWCTRX1000000,OU=Groups,OU=ESM,OU=Tier 2,DC=offsec,DC=nl"
"BDEWDBAS1000000$","BDEWDBAS1000000",,"True",,"-",,"42","False","True",,,,"515","S-1-5-21-2063503733-3105603459-3207999285-4666","","Created with secframe.com/badblood.",,,"9/16/2023 8:22:42 PM","4096","9/16/2023 8:22:42 PM","9/16/2023 8:22:42 PM","CN=BDEWDBAS1000000,OU=Groups,OU=SEC,OU=Tier 1,DC=offsec,DC=nl"
"OGCWCTRX1000000$","OGCWCTRX1000000",,"True",,"-",,"42","False","True",,,,"515","S-1-5-21-2063503733-3105603459-3207999285-4675","","Created with secframe.com/badblood.",,,"9/16/2023 8:22:58 PM","4096","9/16/2023 8:22:58 PM","9/16/2023 8:22:58 PM","CN=OGCWCTRX1000000,OU=Devices,OU=FSR,OU=Tier 1,DC=offsec,DC=nl"
"OGCWWKS1000000$","OGCWWKS1000000",,"True",,"-",,"42","False","True",,,,"515","S-1-5-21-2063503733-3105603459-3207999285-4683","","Created with secframe.com/badblood.",,,"9/16/2023 8:23:12 PM","4096","9/16/2023 8:23:12 PM","9/16/2023 8:23:12 PM","CN=OGCWWKS1000000,OU=Staging,OU=Admin,DC=offsec,DC=nl"
"AZRWAPPS1000003$","AZRWAPPS1000003",,"True",,"-",,"42","False","True",,,,"515","S-1-5-21-2063503733-3105603459-3207999285-4676","","Created with secframe.com/badblood.",,,"9/16/2023 8:23:00 PM","4096","9/16/2023 8:23:00 PM","9/16/2023 8:23:00 PM","CN=AZRWAPPS1000003,OU=Groups,OU=SEC,OU=Tier 2,DC=offsec,DC=nl"
"ITSWWKS1000000$","ITSWWKS1000000",,"True",,"-",,"42","False","True",,,,"515","S-1-5-21-2063503733-3105603459-3207999285-4684","","Created with secframe.com/badblood.",,,"9/16/2023 8:23:14 PM","4096","9/16/2023 8:23:14 PM","9/16/2023 8:23:14 PM","CN=ITSWWKS1000000,OU=OGC,OU=Tier 2,DC=offsec,DC=nl"
"BDEWSECS1000002$","BDEWSECS1000002",,"True",,"-",,"42","False","True",,,,"515","S-1-5-21-2063503733-3105603459-3207999285-4685","","Created with secframe.com/badblood.",,,"9/16/2023 8:23:15 PM","4096","9/16/2023 8:23:15 PM","9/16/2023 8:23:15 PM","CN=BDEWSECS1000002,OU=Testing,DC=offsec,DC=nl"
"GOOWVIR1000000$","GOOWVIR1000000",,"True",,"-",,"42","False","True",,,,"515","S-1-5-21-2063503733-3105603459-3207999285-4686","","Created with secframe.com/badblood.",,,"9/16/2023 8:23:17 PM","4096","9/16/2023 8:23:17 PM","9/16/2023 8:23:17 PM","CN=GOOWVIR1000000,OU=Test,OU=HRE,OU=Tier 1,DC=offsec,DC=nl"
"AZRWVIR1000000$","AZRWVIR1000000",,"True",,"-",,"42","False","True",,,,"515","S-1-5-21-2063503733-3105603459-3207999285-4687","","Created with secframe.com/badblood.",,,"9/16/2023 8:23:19 PM","4096","9/16/2023 8:23:19 PM","9/16/2023 8:23:19 PM","CN=AZRWVIR1000000,OU=TST,OU=Stage,DC=offsec,DC=nl"
"OGCWLPT1000003$","OGCWLPT1000003",,"True",,"-",,"42","False","True",,,,"515","S-1-5-21-2063503733-3105603459-3207999285-4688","","Created with secframe.com/badblood.",,,"9/16/2023 8:23:21 PM","4096","9/16/2023 8:23:21 PM","9/16/2023 8:23:21 PM","CN=OGCWLPT1000003,OU=ServiceAccounts,OU=ESM,OU=Stage,DC=offsec,DC=nl"
"ESMWWEBS1000001$","ESMWWEBS1000001",,"True",,"-",,"42","False","True",,,,"515","S-1-5-21-2063503733-3105603459-3207999285-4689","","Created with secframe.com/badblood.",,,"9/16/2023 8:23:22 PM","4096","9/16/2023 8:23:22 PM","9/16/2023 8:23:22 PM","CN=ESMWWEBS1000001,OU=Tier 1,OU=Admin,DC=offsec,DC=nl"
