"Name","RecordCount","USNCreated","USNChanged","whenCreated","whenChanged","DistinguishedName"
"RootDNSServers","14","12500","17733","9/16/2023 7:42:14 PM","9/16/2023 8:01:44 PM","DC=RootDNSServers,CN=MicrosoftDNS,CN=System,DC=offsec,DC=nl"
"offsec.nl","21","12665","12698","9/16/2023 7:42:18 PM","9/16/2023 7:42:18 PM","DC=offsec.nl,CN=MicrosoftDNS,DC=DomainDnsZones,DC=offsec,DC=nl"
"RootDNSServers","14","12730","16392","9/16/2023 7:43:16 PM","9/16/2023 7:57:20 PM","DC=RootDNSServers,CN=MicrosoftDNS,DC=DomainDnsZones,DC=offsec,DC=nl"
"_msdcs.offsec.nl","11","12629","12660","9/16/2023 7:42:17 PM","9/16/2023 7:42:17 PM","DC=_msdcs.offsec.nl,CN=MicrosoftDNS,DC=ForestDnsZones,DC=offsec,DC=nl"
"..TrustAnchors","1","16416","16422","9/16/2023 7:58:15 PM","9/16/2023 7:58:15 PM","DC=..TrustAnchors,CN=MicrosoftDNS,DC=ForestDnsZones,DC=offsec,DC=nl"
