"Category","Value"
"Name","offsec.nl"
"Functional Level","Windows2016Forest"
"Domain Naming Master","DC01.offsec.nl"
"Schema Master","DC01.offsec.nl"
"RootDomain","offsec.nl"
"Domain Count","1"
"Site Count","1"
"Global Catalog Count","2"
"Domain","offsec.nl"
"Site","Default-First-Site-Name"
"GlobalCatalog","DC01.offsec.nl"
"GlobalCatalog","DC02.offsec.nl"
"Tombstone Lifetime","180"
"Recycle Bin (2008 R2 onwards)","Disabled"
"Privileged Access Management (2016 onwards)","Disabled"
"LAPS","Disabled"
