"Username","Name","Enabled","Service","Host","Password Last Set","Description","Primary GroupID","Memberof"
"krbtgt","krbtgt","False","kadmin","changepw","9/16/2023 7:41:34 PM","Key Distribution Center Service Account","513","JA-rom-admingroup1,BO-829862836-distlist1,HE-Zac-distlist1,Denied RODC Password Replication Group"
"OPAL_PATTON","OPAL_PATTON","True","MSSQL","SECWDBAS1000000","9/16/2023 8:01:39 PM","Created with secframe.com/badblood.","513","SA-caciqueco-distlist1,LU-bas-distlist1,LA-545-distlist1"
"CRAIG_BLEVINS","CRAIG_BLEVINS","True","kafka","ITSWVIR1000000","9/16/2023 8:02:53 PM","Created with secframe.com/badblood.","513","BI-987-distlist1,LU-com-distlist1"
"EDDY_SEARS","EDDY_SEARS","True","POP3","OGCWVIR1000001","9/16/2023 8:02:56 PM","Created with secframe.com/badblood.","513","SA-sec-distlist1,IS-CHARLIEAN-admingroup1,BE-seb-distlist1,BA-francisco-admingroup1,AU-luisbeto8-admingroup1"
"LATISHA_BRADFORD","LATISHA_BRADFORD","True","MSSQL","FINWLPT1000001","9/16/2023 8:03:27 PM","Created with secframe.com/badblood.","513","KA-ilo-distlist1,CA-bh0-distlist1,DI-170286ald-distlist1,JE-cup-distlist1,BA-Cab-admingroup1,AM-flo-distlist1,AL-jaumejuan-distlist1"
"JANETTE_TRAN","JANETTE_TRAN","True","POP3","ITSWDBAS1000000","9/16/2023 8:03:41 PM","Created with secframe.com/badblood.","513",
"CRAIG_GOMEZ","CRAIG_GOMEZ","True","https","OGCWLPT1000000","9/16/2023 8:04:04 PM","Created with secframe.com/badblood.","513","WE-geovanni1-admingroup1,RA-850-admingroup1,PA-1415ACUAT-admingroup1,KR-aye-distlist1,GE-272014tit-distlist1,WI-4.01944E1-distlist1,MO-sivoyconl-admingroup1,LE-jowey7077-distlist1,LA-580812leo-distlist1,RA-alr-distlist1,TR-alberto19-admingroup1"
"DOROTHY_BENTON","DOROTHY_BENTON","True","kafka","OGCWWKS1000000","9/16/2023 8:04:14 PM","Created with secframe.com/badblood.","513","JA-m31-distlist1,AD-beberoro2-admingroup1"
"DEANDRE_BEST","DEANDRE_BEST","True","ftp","ESMWSECS1000000","9/16/2023 8:05:28 PM","Created with secframe.com/badblood.","513","JA-AMI-distlist1,SH-atlas06BG-admingroup1,WA-caminotam-distlist1,JU-electroni-distlist1,LE-jowey7077-distlist1,VO-gar-distlist1,GR-2222mallo-distlist1,32-mar-distlist1"
"9811728080SA","9811728080SA","True","CIFS","OGCWVIR1000002","9/16/2023 8:04:27 PM","Created with secframe.com/badblood.","513",
"TED_SERRANO","TED_SERRANO","True","CIFS","HREWAPPS1000001","9/16/2023 8:04:29 PM","Created with secframe.com/badblood.","513","SU-die-distlist1,BR-230-distlist1,JE-cup-distlist1,CA-lad-distlist1,OL-zendynico-admingroup1,AM-251-distlist1,OD-mikel.060-distlist1,ES-987-distlist1,MA-ama-distlist1,DE-470-distlist1"
"DELORIS_HURST","DELORIS_HURST","True","CIFS","AZRWDBAS1000000","9/16/2023 8:05:45 PM","Created with secframe.com/badblood.","513","FE-dom-distlist1,EL-307-distlist1,DA-maryamrab-distlist1,DI-manrajisf-distlist1,RA-alr-distlist1,JA-amo-distlist1,MA-231953497-distlist1,TR-alberto19-admingroup1,Cryptographic Operators"
"SALVADOR_JOHNS","SALVADOR_JOHNS","True","ftp","ESMWAPPS1000002","9/16/2023 8:04:47 PM","Created with secframe.com/badblood.","513","LU-lap-admingroup1,TA-seguimosa-admingroup1,AR-yanisetwa-admingroup1,AI-yad-distlist1,NE-gufitasuy-distlist1,DW-lubritodo-distlist1,EV-alv-distlist1,LY-bat-distlist1,MA-mel-distlist1"
"HAROLD_VALENCIA","HAROLD_VALENCIA","True","https","HREWSECS1000000","9/16/2023 8:04:52 PM","Created with secframe.com/badblood.","513","EL-isi-distlist1,JO-leinadteh-distlist1,EM-sou-distlist1,KE-cru-distlist1"
"CHARLENE_NIXON","CHARLENE_NIXON","True","https","GOOWSECS1000000","9/16/2023 8:06:14 PM","Created with secframe.com/badblood.","513","CA-daviddubo-distlist1,KR-aye-distlist1,LE-mau-admingroup1,RO-eta-distlist1,WI-4.01944E1-distlist1,MA-19102004d-distlist1,BA-Cab-admingroup1,MA-rey-distlist1,BR-mig-distlist1,EU-marimart0-distlist1,61-78485254p-distlist1"
"SONIA_DAVID","SONIA_DAVID","True","CIFS","AWSWVIR1000000","9/16/2023 8:06:17 PM","Created with secframe.com/badblood.","513","PR-zen-distlist1,WI-utebo2001-distlist1,SI-896-admingroup1,TA-inf-distlist1,JO-par-distlist1,PE-lag-distlist1,VI-DAC-admingroup1,JO-LAR-distlist1,ER-cas-admingroup1"
"WILMER_PAYNE","WILMER_PAYNE","True","ftp","OGCWDBAS1000000","9/16/2023 8:06:59 PM","Created with secframe.com/badblood.","513","TA-ari-distlist1,EV-alv-distlist1,BO-arizu0894-distlist1,AL-72793529R-distlist1,ME-nana17999-distlist1"
"WARD_STANLEY","WARD_STANLEY","True","MSSQL","HREWSECS1000000","9/16/2023 8:08:18 PM","Created with secframe.com/badblood.","513","CL-291-distlist1,JA-willy2912-distlist1,DA-robertath-distlist1,JE-cup-distlist1,GE-lae-distlist1,SA-che-distlist1,FA-123-distlist1"
"JULIO_HARRISON","JULIO_HARRISON","True","CIFS","HREWLPT1000001","9/16/2023 8:07:21 PM","Created with secframe.com/badblood.","513",
"ISRAEL_RHODES","ISRAEL_RHODES","True","MSSQL","GOOWSECS1000000","9/16/2023 8:08:24 PM","Created with secframe.com/badblood.","513",
"GREGORY_HERMAN","GREGORY_HERMAN","True","https","HREWAPPS1000001","9/16/2023 8:08:25 PM","Created with secframe.com/badblood.","513","NA-ylimaf.06-distlist1,AR-mir-distlist1,DA-bea261105-admingroup1,VE-230-distlist1,MA-lascardu4-admingroup1,MA-231953497-distlist1"
"ANNIE_MCCOY","ANNIE_MCCOY","True","CIFS","FINWCTRX1000000","9/16/2023 8:08:26 PM","Created with secframe.com/badblood.","513","SH-darysamo2-distlist1,EF-260-distlist1,RO-rastafari-distlist1,VI-af0-distlist1,BE-FAB-admingroup1,LA-m3d-distlist1,RU-mercrefox-distlist1,KE-cru-distlist1,NE-maurosilv-distlist1,Account Operators"
"ALFRED_SOLIS","ALFRED_SOLIS","True","POP3","OGCWVIR1000002","9/16/2023 8:08:08 PM","Created with secframe.com/badblood.","513","AD-cinthia10-distlist1,CL-291-distlist1,BA-Cab-admingroup1,VE-230-distlist1,MA-arealonga-distlist1,BE-308-distlist1,CH-mar-distlist1,ES-bella0701-distlist1,KA-f1d-admingroup1,32-mar-distlist1"
"STACEY_FRENCH","STACEY_FRENCH","True","POP3","HREWAPPS1000000","9/16/2023 8:08:27 PM","Created with secframe.com/badblood.","513","LU-bas-distlist1,LA-car-distlist1,RO-AMIGASPOR-distlist1,GE-edu-distlist1,RU-mercrefox-distlist1,HE-ric-distlist1,MA-ama-distlist1,SC-gis-distlist1,EL-emp-admingroup1"
"VAUGHN_BEAN","VAUGHN_BEAN","True","CIFS","BDEWSECS1000001","9/16/2023 8:08:43 PM","Created with secframe.com/badblood.","513","WA-caminotam-distlist1,EF-260-distlist1,MO-adrianoch-admingroup1,AN-555149025-distlist1,LE-neumatico-admingroup1,GR-2222mallo-distlist1,BU-414-distlist1"
"BARNEY_CRAFT","BARNEY_CRAFT","True","https","OGCWVIR1000000","9/16/2023 8:08:52 PM","Created with secframe.com/badblood.","513","SI-896-admingroup1,BE-2ha-distlist1,SI-pin-distlist1,BE-609661116-admingroup1"
"LESA_HUNT","LESA_HUNT","True","POP3","BDEWWKS1000001","9/16/2023 8:08:53 PM","Created with secframe.com/badblood.","513","GI-lokalokal-distlist1,LA-ivanteamo-admingroup1,SU-die-distlist1,AN-ima-distlist1,SO-hel-distlist1,KE-134-distlist1"
"JANA_UNDERWOOD","JANA_UNDERWOOD","True","POP3","OGCWVIR1000000","9/16/2023 8:09:54 PM","Created with secframe.com/badblood.","513",
"GENA_RICHARDS","GENA_RICHARDS","True","CIFS","TSTWAPPS1000001","9/16/2023 8:09:56 PM","Created with secframe.com/badblood.","513","AL-Ari-distlist1,EF-myb-admingroup1,BU-cascarrab-distlist1,BU-jul-distlist1,NE-maurosilv-distlist1,MA-231953497-distlist1"
"GUY_BAXTER","GUY_BAXTER","True","kafka","FINWWEBS1000000","9/16/2023 8:10:01 PM","Created with secframe.com/badblood.","513","YO-swe-distlist1,ER-26ber7agu-distlist1"
"GONZALO_DELGADO","GONZALO_DELGADO","True","MSSQL","ESMWDBAS1000000","9/16/2023 8:09:03 PM","Created with secframe.com/badblood.","513",
"PEDRO_JOHNSTON","PEDRO_JOHNSTON","True","kafka","OGCWLPT1000003","9/16/2023 8:11:06 PM","Created with secframe.com/badblood.","513","KA-ilo-distlist1,EM-gerardway-distlist1,BE-buenaMOZA-distlist1,EL-m3d-distlist1,LO-pat-distlist1,NO-resiste77-distlist1"
"ROBIN_DOMINGUEZ","ROBIN_DOMINGUEZ","True","POP3","BDEWSECS1000002","9/16/2023 8:11:08 PM","Created with secframe.com/badblood.","513","JU-hangomerg-distlist1,CH-pir-distlist1,EF-myb-admingroup1,KR-504302274-distlist1"
"GALEN_GENTRY","GALEN_GENTRY","True","MSSQL","HREWVIR1000000","9/16/2023 8:09:11 PM","Created with secframe.com/badblood.","513",
"WILDA_CHRISTENSEN","WILDA_CHRISTENSEN","True","MSSQL","HREWLPT1000001","9/16/2023 8:10:30 PM","Created with secframe.com/badblood.","513","JO-titia2810-distlist1,LE-nana17999-distlist1,VO-gar-distlist1"
"MEGHAN_GONZALEZ","MEGHAN_GONZALEZ","True","kafka","ITSWVIR1000001","9/16/2023 8:11:11 PM","Created with secframe.com/badblood.","513","JU-electroni-distlist1,RA-tut-distlist1,RO-AMIGASPOR-distlist1,HE-Zac-distlist1,EL-jessicara-distlist1,TR-alberto19-admingroup1,SY-yotorolop-distlist1"
"MARTIN_DRAKE","MARTIN_DRAKE","True","CIFS","BDEWSECS1000000","9/16/2023 8:12:19 PM","Created with secframe.com/badblood.","513","RE-kla-admingroup1,CO-teamoleti-admingroup1,BA-260-distlist1,DW-lubritodo-distlist1,LE-miedson22-admingroup1"
"JEFFERSON_SCHWARTZ","JEFFERSON_SCHWARTZ","True","https","AZRWLPT1000000","9/16/2023 8:11:34 PM","Created with secframe.com/badblood.","513","PA-1415ACUAT-admingroup1,NA-abr-distlist1,MA-mus-distlist1,ME-nana17999-distlist1,RO-anabobana-distlist1,LO-miniC3B1o-distlist1"
"KATHIE_CHAPMAN","KATHIE_CHAPMAN","True","https","OGCWAPPS1000000","9/16/2023 8:11:36 PM","Created with secframe.com/badblood.","513","BR-88anagaby-distlist1,JA-AMI-distlist1,RO-AMIGASPOR-distlist1,KA-qb300302a-distlist1,CE-joe-distlist1,KI-ale-distlist1,EM-sankaloma-distlist1,HU-guadalaja-distlist1,EL-emp-admingroup1"
"JEFFERSON_MCDOWELL","JEFFERSON_MCDOWELL","True","ftp","DC02","9/16/2023 8:11:49 PM","Created with secframe.com/badblood.","513","75-bel-distlist1,RO-fre-distlist1,CH-con-distlist1,LY-bat-distlist1,LE-nas-distlist1"
"KARINA_HANSON","KARINA_HANSON","True","ftp","HREWSECS1000000","9/16/2023 8:11:49 PM","Created with secframe.com/badblood.","513",
"TYSON_NOEL","TYSON_NOEL","True","POP3","HREWAPPS1000001","9/16/2023 8:13:07 PM","Created with secframe.com/badblood.","513","ER-zur-distlist1,JA-willy2912-distlist1,TI-5dn-distlist1,MA-ART-distlist1"
"JOSEF_PALMER","JOSEF_PALMER","True","kafka","ESMWWEBS1000000","9/16/2023 8:13:15 PM","Created with secframe.com/badblood.","513",
"ADRIAN_CURRY","ADRIAN_CURRY","True","https","AZRWVIR1000000","9/16/2023 8:13:15 PM","Created with secframe.com/badblood.","513","FE-220-distlist1,ER-zur-distlist1,TA-waseem196-distlist1,DE--distlist1,RO-cientoonc-admingroup1,OD-mikel.060-distlist1,KA-chocolate-admingroup1,CO-bre-admingroup1,EL-emp-admingroup1"
"REYNA_RODRIQUEZ","REYNA_RODRIQUEZ","True","MSSQL","AZRWAPPS1000003","9/16/2023 8:14:05 PM","Created with secframe.com/badblood.","513","AN-08S-distlist1,RO-eta-distlist1,RO-cientoonc-admingroup1,TR-zub-distlist1,LI-ams-distlist1"
"RAPHAEL_WALTON","RAPHAEL_WALTON","True","MSSQL","FINWWKS1000000","9/16/2023 8:13:18 PM","Created with secframe.com/badblood.","513",
"SUZANNE_VALENTINE","SUZANNE_VALENTINE","True","MSSQL","FSRWWEBS1000000","9/16/2023 8:13:53 PM","Created with secframe.com/badblood.","513","BO-tin-distlist1,JO-cit-admingroup1,GU-289-distlist1,WI-pum-distlist1,NE-mak-distlist1,SH-compilaci-distlist1,MA-kar-distlist1"
"ELVIA_OCHOA","ELVIA_OCHOA","True","kafka","FSRWWEBS1000000","9/16/2023 8:14:23 PM","Created with secframe.com/badblood.","513","RO-cai-distlist1,SI-896-admingroup1,CH-ove-admingroup1,CA-318-distlist1,75-bel-distlist1,NO-lid-distlist1,VI-cor-distlist1,GR-roy-admingroup1,JE-com-distlist1,MA-kar-distlist1"
"ADRIANA_MCCARTY","ADRIANA_MCCARTY","True","kafka","BDEWLPT1000001","9/16/2023 8:14:37 PM","Created with secframe.com/badblood.","513","49-123-distlist1,NA-alf-distlist1,HE-pat-distlist1,NE-joseangel-admingroup1,LO-pat-distlist1"
"ALEJANDRO_LOGAN","ALEJANDRO_LOGAN","True","CIFS","FINWWKS1000000","9/16/2023 8:14:37 PM","Created with secframe.com/badblood.","513","TI-5dn-distlist1,AN-ima-distlist1,NA-abr-distlist1,BR-del-distlist1,SE-667-distlist1,AN-tore108si-distlist1,CO-bre-admingroup1,LU-omarvegas-distlist1"
"SUSIE_MANNING","SUSIE_MANNING","True","ftp","ITSWDBAS1000001","9/16/2023 8:14:58 PM","Just so I dont forget my password is U&Z2YuFmC7ui2cSB&hd9QMBi","513","JE-warrock17-distlist1,CA-alo-admingroup1,RO-00y-distlist1,LE-mau-admingroup1,AU-KakarotoZ-distlist1,JA-willy2912-distlist1,JA-atardecer-distlist1,EU-687312692-admingroup1,AN-tore108si-distlist1,MA-ART-distlist1,LO-hop-distlist1"
