"UserName","Name","Service","Host"
"TSTWLPT1000000$","TSTWLPT1000000","HOST","TSTWLPT1000000"
"AWSWWEBS1000000$","AWSWWEBS1000000","HOST","AWSWWEBS1000000"
"ITSWDBAS1000000$","ITSWDBAS1000000","HOST","ITSWDBAS1000000"
"OGCWVIR1000000$","OGCWVIR1000000","HOST","OGCWVIR1000000"
"DC01$","DC01","Dfsr-12F9A27C-BF97-4787-9364-D31B6C55EB04","DC01.offsec.nl"
"DC01$","DC01","TERMSRV","DC01,DC01.offsec.nl"
"DC01$","DC01","ldap","DC01.offsec.nl,DC01,2ad82411-d041-49eb-80a7-f720e916724f._msdcs.offsec.nl"
"DC01$","DC01","DNS","DC01.offsec.nl"
"DC01$","DC01","GC","DC01.offsec.nl"
"DC01$","DC01","RestrictedKrbHost","DC01.offsec.nl,DC01"
"DC01$","DC01","RPC","2ad82411-d041-49eb-80a7-f720e916724f._msdcs.offsec.nl"
"DC01$","DC01","HOST","DC01,DC01.offsec.nl"
"DC01$","DC01","E3514235-4B06-11D1-AB04-00C04FC2DCD2","2ad82411-d041-49eb-80a7-f720e916724f"
"AWSWVIR1000000$","AWSWVIR1000000","HOST","AWSWVIR1000000"
"DC02$","DC02","HOST","DC02.offsec.nl,DC02"
"DC02$","DC02","RPC","9b462764-34d9-4943-a0d2-d9b5a067fe4b._msdcs.offsec.nl"
"DC02$","DC02","GC","DC02.offsec.nl"
"DC02$","DC02","ldap","DC02,9b462764-34d9-4943-a0d2-d9b5a067fe4b._msdcs.offsec.nl,DC02.offsec.nl"
"DC02$","DC02","DNS","DC02.offsec.nl"
"DC02$","DC02","Dfsr-12F9A27C-BF97-4787-9364-D31B6C55EB04","DC02.offsec.nl"
"DC02$","DC02","WSMAN","DC02,DC02.offsec.nl"
"DC02$","DC02","TERMSRV","DC02,DC02.offsec.nl"
"DC02$","DC02","E3514235-4B06-11D1-AB04-00C04FC2DCD2","9b462764-34d9-4943-a0d2-d9b5a067fe4b"
"DC02$","DC02","RestrictedKrbHost","DC02,DC02.offsec.nl"
"CL01$","CL01","TERMSRV","CL01,CL01.offsec.nl"
"CL01$","CL01","RestrictedKrbHost","CL01,CL01.offsec.nl"
"CL01$","CL01","HOST","CL01,CL01.offsec.nl"
"CL02$","CL02","TERMSRV","CL02,CL02.offsec.nl"
"CL02$","CL02","RestrictedKrbHost","CL02,CL02.offsec.nl"
"CL02$","CL02","HOST","CL02,CL02.offsec.nl"
"OGCWVIR1000001$","OGCWVIR1000001","HOST","OGCWVIR1000001"
"HREWVIR1000000$","HREWVIR1000000","HOST","HREWVIR1000000"
"TSTWWEBS1000001$","TSTWWEBS1000001","HOST","TSTWWEBS1000001"
"BDEWVIR1000000$","BDEWVIR1000000","HOST","BDEWVIR1000000"
"BDEWLPT1000002$","BDEWLPT1000002","HOST","BDEWLPT1000002"
"AWSWLPT1000000$","AWSWLPT1000000","HOST","AWSWLPT1000000"
"SECWAPPS1000000$","SECWAPPS1000000","HOST","SECWAPPS1000000"
"OGCWLPT1000002$","OGCWLPT1000002","HOST","OGCWLPT1000002"
"AZRWAPPS1000003$","AZRWAPPS1000003","HOST","AZRWAPPS1000003"
