"ZoneName","Name","RecordType","Data","TTL","Age","TimeStamp","UpdatedAtSerial","whenCreated","whenChanged","showInAdvancedViewOnly","DistinguishedName"
"RootDNSServers","@","NS","m.root-servers.net.","0","0","[static]","0","9/16/2023 7:42:14 PM","9/16/2023 7:42:14 PM","True","DC=@,DC=RootDNSServers,CN=MicrosoftDNS,CN=System,DC=offsec,DC=nl"
"RootDNSServers","a.root-servers.net","AAAA","2001:0503:ba3e:0000:0000:0000:0002:0030","0","0","[static]","0","9/16/2023 7:42:14 PM","9/16/2023 7:42:14 PM","True","DC=a.root-servers.net,DC=RootDNSServers,CN=MicrosoftDNS,CN=System,DC=offsec,DC=nl"
"RootDNSServers","b.root-servers.net","AAAA","2001:0500:0200:0000:0000:0000:0000:000b","0","0","[static]","0","9/16/2023 7:42:14 PM","9/16/2023 7:42:14 PM","True","DC=b.root-servers.net,DC=RootDNSServers,CN=MicrosoftDNS,CN=System,DC=offsec,DC=nl"
"RootDNSServers","c.root-servers.net","AAAA","2001:0500:0002:0000:0000:0000:0000:000c","0","0","[static]","0","9/16/2023 7:42:14 PM","9/16/2023 7:42:14 PM","True","DC=c.root-servers.net,DC=RootDNSServers,CN=MicrosoftDNS,CN=System,DC=offsec,DC=nl"
"RootDNSServers","d.root-servers.net","AAAA","2001:0500:002d:0000:0000:0000:0000:000d","0","0","[static]","0","9/16/2023 7:42:14 PM","9/16/2023 7:42:14 PM","True","DC=d.root-servers.net,DC=RootDNSServers,CN=MicrosoftDNS,CN=System,DC=offsec,DC=nl"
"RootDNSServers","e.root-servers.net","AAAA","2001:0500:00a8:0000:0000:0000:0000:000e","0","0","[static]","0","9/16/2023 7:42:14 PM","9/16/2023 7:42:14 PM","True","DC=e.root-servers.net,DC=RootDNSServers,CN=MicrosoftDNS,CN=System,DC=offsec,DC=nl"
"RootDNSServers","f.root-servers.net","AAAA","2001:0500:002f:0000:0000:0000:0000:000f","0","0","[static]","0","9/16/2023 7:42:14 PM","9/16/2023 7:42:14 PM","True","DC=f.root-servers.net,DC=RootDNSServers,CN=MicrosoftDNS,CN=System,DC=offsec,DC=nl"
"RootDNSServers","g.root-servers.net","AAAA","2001:0500:0012:0000:0000:0000:0000:0d0d","0","0","[static]","0","9/16/2023 7:42:14 PM","9/16/2023 7:42:14 PM","True","DC=g.root-servers.net,DC=RootDNSServers,CN=MicrosoftDNS,CN=System,DC=offsec,DC=nl"
"RootDNSServers","h.root-servers.net","AAAA","2001:0500:0001:0000:0000:0000:0000:0053","0","0","[static]","0","9/16/2023 7:42:14 PM","9/16/2023 7:42:14 PM","True","DC=h.root-servers.net,DC=RootDNSServers,CN=MicrosoftDNS,CN=System,DC=offsec,DC=nl"
"RootDNSServers","i.root-servers.net","AAAA","2001:07fe:0000:0000:0000:0000:0000:0053","0","0","[static]","0","9/16/2023 7:42:14 PM","9/16/2023 7:42:14 PM","True","DC=i.root-servers.net,DC=RootDNSServers,CN=MicrosoftDNS,CN=System,DC=offsec,DC=nl"
"RootDNSServers","j.root-servers.net","AAAA","2001:0503:0c27:0000:0000:0000:0002:0030","0","0","[static]","0","9/16/2023 7:42:14 PM","9/16/2023 7:42:14 PM","True","DC=j.root-servers.net,DC=RootDNSServers,CN=MicrosoftDNS,CN=System,DC=offsec,DC=nl"
"RootDNSServers","k.root-servers.net","AAAA","2001:07fd:0000:0000:0000:0000:0000:0001","0","0","[static]","0","9/16/2023 7:42:14 PM","9/16/2023 7:42:14 PM","True","DC=k.root-servers.net,DC=RootDNSServers,CN=MicrosoftDNS,CN=System,DC=offsec,DC=nl"
"RootDNSServers","l.root-servers.net","AAAA","2001:0500:009f:0000:0000:0000:0000:0042","0","0","[static]","0","9/16/2023 7:42:14 PM","9/16/2023 7:42:14 PM","True","DC=l.root-servers.net,DC=RootDNSServers,CN=MicrosoftDNS,CN=System,DC=offsec,DC=nl"
"RootDNSServers","m.root-servers.net","AAAA","2001:0dc3:0000:0000:0000:0000:0000:0035","0","0","[static]","0","9/16/2023 7:42:14 PM","9/16/2023 7:42:14 PM","True","DC=m.root-servers.net,DC=RootDNSServers,CN=MicrosoftDNS,CN=System,DC=offsec,DC=nl"
"offsec.nl","CL02","A","192.168.1.53","1200","3705378","9/16/2023 6:00:00 PM","72","9/16/2023 8:19:30 PM","9/16/2023 8:19:30 PM","True","DC=CL02,DC=offsec.nl,CN=MicrosoftDNS,DC=DomainDnsZones,DC=offsec,DC=nl"
"offsec.nl","CL01","A","192.168.1.52","1200","3705378","9/16/2023 6:00:00 PM","68","9/16/2023 8:14:52 PM","9/16/2023 8:14:52 PM","True","DC=CL01,DC=offsec.nl,CN=MicrosoftDNS,DC=DomainDnsZones,DC=offsec,DC=nl"
"offsec.nl","@","AAAA","fd7a:115c:a1e0:ab12:4843:cd96:626c:5089","600","3706406","10/29/2023 2:00:00 PM","236","9/16/2023 7:42:18 PM","10/29/2023 3:47:17 PM","True","DC=@,DC=offsec.nl,CN=MicrosoftDNS,DC=DomainDnsZones,DC=offsec,DC=nl"
"offsec.nl","_gc._tcp","SRV","[0][100][3268][dc02.offsec.nl.]","600","3705857","10/6/2023 5:00:00 PM","217","9/16/2023 7:42:18 PM","10/16/2023 2:40:26 PM","True","DC=_gc._tcp,DC=offsec.nl,CN=MicrosoftDNS,DC=DomainDnsZones,DC=offsec,DC=nl"
"offsec.nl","_gc._tcp.Default-First-Site-Name._sites","SRV","[0][100][3268][dc02.offsec.nl.]","600","3705857","10/6/2023 5:00:00 PM","204","9/16/2023 7:42:18 PM","10/16/2023 2:40:26 PM","True","DC=_gc._tcp.Default-First-Site-Name._sites,DC=offsec.nl,CN=MicrosoftDNS,DC=DomainDnsZones,DC=offsec,DC=nl"
"offsec.nl","_kerberos._tcp","SRV","[0][100][88][dc02.offsec.nl.]","600","3705857","10/6/2023 5:00:00 PM","206","9/16/2023 7:42:18 PM","10/16/2023 2:40:26 PM","True","DC=_kerberos._tcp,DC=offsec.nl,CN=MicrosoftDNS,DC=DomainDnsZones,DC=offsec,DC=nl"
"offsec.nl","_kerberos._tcp.Default-First-Site-Name._sites","SRV","[0][100][88][dc02.offsec.nl.]","600","3705857","10/6/2023 5:00:00 PM","207","9/16/2023 7:42:18 PM","10/16/2023 2:40:26 PM","True","DC=_kerberos._tcp.Default-First-Site-Name._sites,DC=offsec.nl,CN=MicrosoftDNS,DC=DomainDnsZones,DC=offsec,DC=nl"
"offsec.nl","_kerberos._udp","SRV","[0][100][88][dc02.offsec.nl.]","600","3705857","10/6/2023 5:00:00 PM","208","9/16/2023 7:42:18 PM","10/16/2023 2:40:26 PM","True","DC=_kerberos._udp,DC=offsec.nl,CN=MicrosoftDNS,DC=DomainDnsZones,DC=offsec,DC=nl"
"offsec.nl","_kpasswd._tcp","SRV","[0][100][464][dc02.offsec.nl.]","600","3705857","10/6/2023 5:00:00 PM","209","9/16/2023 7:42:18 PM","10/16/2023 2:40:26 PM","True","DC=_kpasswd._tcp,DC=offsec.nl,CN=MicrosoftDNS,DC=DomainDnsZones,DC=offsec,DC=nl"
"offsec.nl","_kpasswd._udp","SRV","[0][100][464][dc02.offsec.nl.]","600","3705857","10/6/2023 5:00:00 PM","210","9/16/2023 7:42:18 PM","10/16/2023 2:40:26 PM","True","DC=_kpasswd._udp,DC=offsec.nl,CN=MicrosoftDNS,DC=DomainDnsZones,DC=offsec,DC=nl"
"offsec.nl","_ldap._tcp","SRV","[0][100][389][dc02.offsec.nl.]","600","3705857","10/6/2023 5:00:00 PM","215","9/16/2023 7:42:18 PM","10/16/2023 2:40:26 PM","True","DC=_ldap._tcp,DC=offsec.nl,CN=MicrosoftDNS,DC=DomainDnsZones,DC=offsec,DC=nl"
"offsec.nl","_ldap._tcp.Default-First-Site-Name._sites","SRV","[0][100][389][dc02.offsec.nl.]","600","3705857","10/6/2023 5:00:00 PM","216","9/16/2023 7:42:18 PM","10/16/2023 2:40:26 PM","True","DC=_ldap._tcp.Default-First-Site-Name._sites,DC=offsec.nl,CN=MicrosoftDNS,DC=DomainDnsZones,DC=offsec,DC=nl"
"offsec.nl","_msdcs","NS","dc01.offsec.nl.","3600","0","[static]","3","9/16/2023 7:42:18 PM","9/16/2023 7:42:18 PM","True","DC=_msdcs,DC=offsec.nl,CN=MicrosoftDNS,DC=DomainDnsZones,DC=offsec,DC=nl"
"offsec.nl","dc01","AAAA","fd7a:115c:a1e0:ab12:4843:cd96:6278:892b","3600","0","[static]","248","9/16/2023 7:42:18 PM","10/29/2023 4:07:21 PM","True","DC=dc01,DC=offsec.nl,CN=MicrosoftDNS,DC=DomainDnsZones,DC=offsec,DC=nl"
"offsec.nl","DomainDnsZones","AAAA","fd7a:115c:a1e0:ab12:4843:cd96:626c:5089","600","3706406","10/29/2023 2:00:00 PM","239","9/16/2023 7:42:18 PM","10/29/2023 3:47:17 PM","True","DC=DomainDnsZones,DC=offsec.nl,CN=MicrosoftDNS,DC=DomainDnsZones,DC=offsec,DC=nl"
"offsec.nl","_ldap._tcp.DomainDnsZones","SRV","[0][100][389][dc02.offsec.nl.]","600","3705857","10/6/2023 5:00:00 PM","211","9/16/2023 7:42:18 PM","10/16/2023 2:40:26 PM","True","DC=_ldap._tcp.DomainDnsZones,DC=offsec.nl,CN=MicrosoftDNS,DC=DomainDnsZones,DC=offsec,DC=nl"
"offsec.nl","_ldap._tcp.Default-First-Site-Name._sites.DomainDnsZones","SRV","[0][100][389][dc02.offsec.nl.]","600","3705857","10/6/2023 5:00:00 PM","212","9/16/2023 7:42:18 PM","10/16/2023 2:40:26 PM","True","DC=_ldap._tcp.Default-First-Site-Name._sites.DomainDnsZones,DC=offsec.nl,CN=MicrosoftDNS,DC=DomainDnsZones,DC=offsec,DC=nl"
"offsec.nl","ForestDnsZones","AAAA","fd7a:115c:a1e0:ab12:4843:cd96:626c:5089","600","3706406","10/29/2023 2:00:00 PM","241","9/16/2023 7:42:18 PM","10/29/2023 3:47:17 PM","True","DC=ForestDnsZones,DC=offsec.nl,CN=MicrosoftDNS,DC=DomainDnsZones,DC=offsec,DC=nl"
"offsec.nl","_ldap._tcp.ForestDnsZones","SRV","[0][100][389][dc02.offsec.nl.]","600","3705857","10/6/2023 5:00:00 PM","213","9/16/2023 7:42:18 PM","10/16/2023 2:40:26 PM","True","DC=_ldap._tcp.ForestDnsZones,DC=offsec.nl,CN=MicrosoftDNS,DC=DomainDnsZones,DC=offsec,DC=nl"
"offsec.nl","_ldap._tcp.Default-First-Site-Name._sites.ForestDnsZones","SRV","[0][100][389][dc02.offsec.nl.]","600","3705857","10/6/2023 5:00:00 PM","214","9/16/2023 7:42:18 PM","10/16/2023 2:40:26 PM","True","DC=_ldap._tcp.Default-First-Site-Name._sites.ForestDnsZones,DC=offsec.nl,CN=MicrosoftDNS,DC=DomainDnsZones,DC=offsec,DC=nl"
"offsec.nl","DC02","AAAA","fd7a:115c:a1e0:ab12:4843:cd96:626c:5089","3600","0","[static]","249","9/16/2023 7:51:06 PM","10/29/2023 4:07:14 PM","True","DC=DC02,DC=offsec.nl,CN=MicrosoftDNS,DC=DomainDnsZones,DC=offsec,DC=nl"
"RootDNSServers","@","NS","m.root-servers.net.","0","0","[static]","0","9/16/2023 7:43:16 PM","9/16/2023 7:43:16 PM","True","DC=@,DC=RootDNSServers,CN=MicrosoftDNS,DC=DomainDnsZones,DC=offsec,DC=nl"
"RootDNSServers","a.root-servers.net","AAAA","2001:0503:ba3e:0000:0000:0000:0002:0030","0","0","[static]","0","9/16/2023 7:43:16 PM","9/16/2023 7:43:16 PM","True","DC=a.root-servers.net,DC=RootDNSServers,CN=MicrosoftDNS,DC=DomainDnsZones,DC=offsec,DC=nl"
"RootDNSServers","b.root-servers.net","AAAA","2001:0500:0200:0000:0000:0000:0000:000b","0","0","[static]","0","9/16/2023 7:43:16 PM","9/16/2023 7:43:16 PM","True","DC=b.root-servers.net,DC=RootDNSServers,CN=MicrosoftDNS,DC=DomainDnsZones,DC=offsec,DC=nl"
"RootDNSServers","c.root-servers.net","AAAA","2001:0500:0002:0000:0000:0000:0000:000c","0","0","[static]","0","9/16/2023 7:43:16 PM","9/16/2023 7:43:16 PM","True","DC=c.root-servers.net,DC=RootDNSServers,CN=MicrosoftDNS,DC=DomainDnsZones,DC=offsec,DC=nl"
"RootDNSServers","d.root-servers.net","AAAA","2001:0500:002d:0000:0000:0000:0000:000d","0","0","[static]","0","9/16/2023 7:43:16 PM","9/16/2023 7:43:16 PM","True","DC=d.root-servers.net,DC=RootDNSServers,CN=MicrosoftDNS,DC=DomainDnsZones,DC=offsec,DC=nl"
"RootDNSServers","e.root-servers.net","AAAA","2001:0500:00a8:0000:0000:0000:0000:000e","0","0","[static]","0","9/16/2023 7:43:16 PM","9/16/2023 7:43:16 PM","True","DC=e.root-servers.net,DC=RootDNSServers,CN=MicrosoftDNS,DC=DomainDnsZones,DC=offsec,DC=nl"
"RootDNSServers","f.root-servers.net","AAAA","2001:0500:002f:0000:0000:0000:0000:000f","0","0","[static]","0","9/16/2023 7:43:16 PM","9/16/2023 7:43:16 PM","True","DC=f.root-servers.net,DC=RootDNSServers,CN=MicrosoftDNS,DC=DomainDnsZones,DC=offsec,DC=nl"
"RootDNSServers","g.root-servers.net","AAAA","2001:0500:0012:0000:0000:0000:0000:0d0d","0","0","[static]","0","9/16/2023 7:43:16 PM","9/16/2023 7:43:16 PM","True","DC=g.root-servers.net,DC=RootDNSServers,CN=MicrosoftDNS,DC=DomainDnsZones,DC=offsec,DC=nl"
"RootDNSServers","h.root-servers.net","AAAA","2001:0500:0001:0000:0000:0000:0000:0053","0","0","[static]","0","9/16/2023 7:43:16 PM","9/16/2023 7:43:16 PM","True","DC=h.root-servers.net,DC=RootDNSServers,CN=MicrosoftDNS,DC=DomainDnsZones,DC=offsec,DC=nl"
"RootDNSServers","i.root-servers.net","AAAA","2001:07fe:0000:0000:0000:0000:0000:0053","0","0","[static]","0","9/16/2023 7:43:16 PM","9/16/2023 7:43:16 PM","True","DC=i.root-servers.net,DC=RootDNSServers,CN=MicrosoftDNS,DC=DomainDnsZones,DC=offsec,DC=nl"
"RootDNSServers","j.root-servers.net","AAAA","2001:0503:0c27:0000:0000:0000:0002:0030","0","0","[static]","0","9/16/2023 7:43:16 PM","9/16/2023 7:43:16 PM","True","DC=j.root-servers.net,DC=RootDNSServers,CN=MicrosoftDNS,DC=DomainDnsZones,DC=offsec,DC=nl"
"RootDNSServers","k.root-servers.net","AAAA","2001:07fd:0000:0000:0000:0000:0000:0001","0","0","[static]","0","9/16/2023 7:43:16 PM","9/16/2023 7:43:16 PM","True","DC=k.root-servers.net,DC=RootDNSServers,CN=MicrosoftDNS,DC=DomainDnsZones,DC=offsec,DC=nl"
"RootDNSServers","l.root-servers.net","AAAA","2001:0500:009f:0000:0000:0000:0000:0042","0","0","[static]","0","9/16/2023 7:43:16 PM","9/16/2023 7:43:16 PM","True","DC=l.root-servers.net,DC=RootDNSServers,CN=MicrosoftDNS,DC=DomainDnsZones,DC=offsec,DC=nl"
"RootDNSServers","m.root-servers.net","AAAA","2001:0dc3:0000:0000:0000:0000:0000:0035","0","0","[static]","0","9/16/2023 7:43:16 PM","9/16/2023 7:43:16 PM","True","DC=m.root-servers.net,DC=RootDNSServers,CN=MicrosoftDNS,DC=DomainDnsZones,DC=offsec,DC=nl"
"_msdcs.offsec.nl","@","SOA","[2][dc02.offsec.nl.][hostmaster.offsec.nl.][900][600][86400][3600]","3600","0","[static]","3","9/16/2023 7:42:17 PM","9/16/2023 8:01:44 PM","True","DC=@,DC=_msdcs.offsec.nl,CN=MicrosoftDNS,DC=ForestDnsZones,DC=offsec,DC=nl"
"_msdcs.offsec.nl","_kerberos._tcp.dc","SRV","[0][100][88][dc02.offsec.nl.]","600","3705857","10/6/2023 5:00:00 PM","69","9/16/2023 7:42:17 PM","10/16/2023 2:40:29 PM","True","DC=_kerberos._tcp.dc,DC=_msdcs.offsec.nl,CN=MicrosoftDNS,DC=ForestDnsZones,DC=offsec,DC=nl"
"_msdcs.offsec.nl","_kerberos._tcp.Default-First-Site-Name._sites.dc","SRV","[0][100][88][dc02.offsec.nl.]","600","3705857","10/6/2023 5:00:00 PM","70","9/16/2023 7:42:17 PM","10/16/2023 2:40:29 PM","True","DC=_kerberos._tcp.Default-First-Site-Name._sites.dc,DC=_msdcs.offsec.nl,CN=MicrosoftDNS,DC=ForestDnsZones,DC=offsec,DC=nl"
"_msdcs.offsec.nl","_ldap._tcp.5698b7d8-7ed6-4c4d-905f-15e5bcb5a011.domains","SRV","[0][100][389][dc02.offsec.nl.]","600","3705857","10/6/2023 5:00:00 PM","64","9/16/2023 7:42:17 PM","10/16/2023 2:40:29 PM","True","DC=_ldap._tcp.5698b7d8-7ed6-4c4d-905f-15e5bcb5a011.domains,DC=_msdcs.offsec.nl,CN=MicrosoftDNS,DC=ForestDnsZones,DC=offsec,DC=nl"
"_msdcs.offsec.nl","_ldap._tcp.dc","SRV","[0][100][389][dc02.offsec.nl.]","600","3705857","10/6/2023 5:00:00 PM","65","9/16/2023 7:42:17 PM","10/16/2023 2:40:29 PM","True","DC=_ldap._tcp.dc,DC=_msdcs.offsec.nl,CN=MicrosoftDNS,DC=ForestDnsZones,DC=offsec,DC=nl"
"_msdcs.offsec.nl","_ldap._tcp.Default-First-Site-Name._sites.dc","SRV","[0][100][389][dc02.offsec.nl.]","600","3705857","10/6/2023 5:00:00 PM","66","9/16/2023 7:42:17 PM","10/16/2023 2:40:29 PM","True","DC=_ldap._tcp.Default-First-Site-Name._sites.dc,DC=_msdcs.offsec.nl,CN=MicrosoftDNS,DC=ForestDnsZones,DC=offsec,DC=nl"
"_msdcs.offsec.nl","_ldap._tcp.Default-First-Site-Name._sites.gc","SRV","[0][100][3268][dc02.offsec.nl.]","600","3705857","10/6/2023 5:00:00 PM","71","9/16/2023 7:42:17 PM","10/16/2023 2:40:29 PM","True","DC=_ldap._tcp.Default-First-Site-Name._sites.gc,DC=_msdcs.offsec.nl,CN=MicrosoftDNS,DC=ForestDnsZones,DC=offsec,DC=nl"
"_msdcs.offsec.nl","_ldap._tcp.gc","SRV","[0][100][3268][dc02.offsec.nl.]","600","3705857","10/6/2023 5:00:00 PM","73","9/16/2023 7:42:17 PM","10/16/2023 2:40:29 PM","True","DC=_ldap._tcp.gc,DC=_msdcs.offsec.nl,CN=MicrosoftDNS,DC=ForestDnsZones,DC=offsec,DC=nl"
"_msdcs.offsec.nl","_ldap._tcp.pdc","SRV","[0][100][389][dc01.offsec.nl.]","600","3705377","9/16/2023 5:00:00 PM","3","9/16/2023 7:42:17 PM","9/16/2023 7:42:17 PM","True","DC=_ldap._tcp.pdc,DC=_msdcs.offsec.nl,CN=MicrosoftDNS,DC=ForestDnsZones,DC=offsec,DC=nl"
"_msdcs.offsec.nl","2ad82411-d041-49eb-80a7-f720e916724f","CNAME","dc01.offsec.nl.","600","3705377","9/16/2023 5:00:00 PM","8","9/16/2023 7:42:17 PM","9/16/2023 7:42:17 PM","True","DC=2ad82411-d041-49eb-80a7-f720e916724f,DC=_msdcs.offsec.nl,CN=MicrosoftDNS,DC=ForestDnsZones,DC=offsec,DC=nl"
"_msdcs.offsec.nl","9b462764-34d9-4943-a0d2-d9b5a067fe4b","CNAME","DC02.offsec.nl.","600","3705377","9/16/2023 5:00:00 PM","19","9/16/2023 7:51:25 PM","9/16/2023 7:51:25 PM","True","DC=9b462764-34d9-4943-a0d2-d9b5a067fe4b,DC=_msdcs.offsec.nl,CN=MicrosoftDNS,DC=ForestDnsZones,DC=offsec,DC=nl"
"..TrustAnchors","@","SOA","[1][dc02.offsec.nl.][hostmaster.offsec.nl.][900][600][86400][3600]","3600","0","[static]","2","9/16/2023 7:58:15 PM","9/16/2023 8:01:44 PM","True","DC=@,DC=..TrustAnchors,CN=MicrosoftDNS,DC=ForestDnsZones,DC=offsec,DC=nl"
