"Name","Depth","Description","whenCreated","whenChanged","DistinguishedName"
"Domain Controllers","1","Default container for domain controllers","9/16/2023 7:38:35 PM","9/16/2023 7:38:35 PM","OU=Domain Controllers,DC=offsec,DC=nl"
"Admin","1",,"9/16/2023 8:01:07 PM","9/16/2023 8:01:07 PM","OU=Admin,DC=offsec,DC=nl"
"BDE","2","Business Development","9/16/2023 8:01:08 PM","9/16/2023 8:23:40 PM","OU=BDE,OU=Tier 1,DC=offsec,DC=nl"
"Tier 0","2",,"9/16/2023 8:01:07 PM","9/16/2023 8:01:07 PM","OU=Tier 0,OU=Admin,DC=offsec,DC=nl"
"ServiceAccounts","3",,"9/16/2023 8:01:08 PM","9/16/2023 8:23:35 PM","OU=ServiceAccounts,OU=BDE,OU=Tier 1,DC=offsec,DC=nl"
"T0-Accounts","3",,"9/16/2023 8:01:07 PM","9/16/2023 8:23:38 PM","OU=T0-Accounts,OU=Tier 0,OU=Admin,DC=offsec,DC=nl"
"Groups","3",,"9/16/2023 8:01:08 PM","9/16/2023 8:01:08 PM","OU=Groups,OU=BDE,OU=Tier 1,DC=offsec,DC=nl"
"Devices","3",,"9/16/2023 8:01:08 PM","9/16/2023 8:23:38 PM","OU=Devices,OU=BDE,OU=Tier 1,DC=offsec,DC=nl"
"T0-Servers","3",,"9/16/2023 8:01:07 PM","9/16/2023 8:23:40 PM","OU=T0-Servers,OU=Tier 0,OU=Admin,DC=offsec,DC=nl"
"Test","3",,"9/16/2023 8:01:08 PM","9/16/2023 8:23:40 PM","OU=Test,OU=BDE,OU=Tier 1,DC=offsec,DC=nl"
"T0-Devices","3",,"9/16/2023 8:01:07 PM","9/16/2023 8:23:35 PM","OU=T0-Devices,OU=Tier 0,OU=Admin,DC=offsec,DC=nl"
"HRE","2","Human Relations","9/16/2023 8:01:08 PM","9/16/2023 8:23:28 PM","OU=HRE,OU=Tier 1,DC=offsec,DC=nl"
"T0-Permissions","3",,"9/16/2023 8:01:07 PM","9/16/2023 8:01:07 PM","OU=T0-Permissions,OU=Tier 0,OU=Admin,DC=offsec,DC=nl"
"ServiceAccounts","3",,"9/16/2023 8:01:08 PM","9/16/2023 8:01:08 PM","OU=ServiceAccounts,OU=HRE,OU=Tier 1,DC=offsec,DC=nl"
"T0-Roles","3",,"9/16/2023 8:01:07 PM","9/16/2023 8:23:32 PM","OU=T0-Roles,OU=Tier 0,OU=Admin,DC=offsec,DC=nl"
"Groups","3",,"9/16/2023 8:01:08 PM","9/16/2023 8:01:08 PM","OU=Groups,OU=HRE,OU=Tier 1,DC=offsec,DC=nl"
"Tier 1","2",,"9/16/2023 8:01:07 PM","9/16/2023 8:23:34 PM","OU=Tier 1,OU=Admin,DC=offsec,DC=nl"
"Devices","3",,"9/16/2023 8:01:08 PM","9/16/2023 8:01:08 PM","OU=Devices,OU=HRE,OU=Tier 1,DC=offsec,DC=nl"
"T1-Accounts","3",,"9/16/2023 8:01:07 PM","9/16/2023 8:23:35 PM","OU=T1-Accounts,OU=Tier 1,OU=Admin,DC=offsec,DC=nl"
"Test","3",,"9/16/2023 8:01:08 PM","9/16/2023 8:23:31 PM","OU=Test,OU=HRE,OU=Tier 1,DC=offsec,DC=nl"
"T1-Servers","3",,"9/16/2023 8:01:07 PM","9/16/2023 8:01:07 PM","OU=T1-Servers,OU=Tier 1,OU=Admin,DC=offsec,DC=nl"
"FIN","2","Finance","9/16/2023 8:01:08 PM","9/16/2023 8:23:39 PM","OU=FIN,OU=Tier 1,DC=offsec,DC=nl"
"T1-Devices","3",,"9/16/2023 8:01:07 PM","9/16/2023 8:01:07 PM","OU=T1-Devices,OU=Tier 1,OU=Admin,DC=offsec,DC=nl"
"ServiceAccounts","3",,"9/16/2023 8:01:08 PM","9/16/2023 8:01:08 PM","OU=ServiceAccounts,OU=FIN,OU=Tier 1,DC=offsec,DC=nl"
"T1-Permissions","3",,"9/16/2023 8:01:07 PM","9/16/2023 8:01:07 PM","OU=T1-Permissions,OU=Tier 1,OU=Admin,DC=offsec,DC=nl"
"Groups","3",,"9/16/2023 8:01:08 PM","9/16/2023 8:23:42 PM","OU=Groups,OU=FIN,OU=Tier 1,DC=offsec,DC=nl"
"T1-Roles","3",,"9/16/2023 8:01:07 PM","9/16/2023 8:23:37 PM","OU=T1-Roles,OU=Tier 1,OU=Admin,DC=offsec,DC=nl"
"Devices","3",,"9/16/2023 8:01:08 PM","9/16/2023 8:23:26 PM","OU=Devices,OU=FIN,OU=Tier 1,DC=offsec,DC=nl"
"Tier 2","2",,"9/16/2023 8:01:07 PM","9/16/2023 8:01:07 PM","OU=Tier 2,OU=Admin,DC=offsec,DC=nl"
"T2-Accounts","3",,"9/16/2023 8:01:07 PM","9/16/2023 8:01:07 PM","OU=T2-Accounts,OU=Tier 2,OU=Admin,DC=offsec,DC=nl"
"Test","3",,"9/16/2023 8:01:08 PM","9/16/2023 8:23:36 PM","OU=Test,OU=FIN,OU=Tier 1,DC=offsec,DC=nl"
"T2-Servers","3",,"9/16/2023 8:01:07 PM","9/16/2023 8:23:39 PM","OU=T2-Servers,OU=Tier 2,OU=Admin,DC=offsec,DC=nl"
"T2-Devices","3",,"9/16/2023 8:01:07 PM","9/16/2023 8:01:07 PM","OU=T2-Devices,OU=Tier 2,OU=Admin,DC=offsec,DC=nl"
"OGC","2","Office of the General Counsel","9/16/2023 8:01:08 PM","9/16/2023 8:23:29 PM","OU=OGC,OU=Tier 1,DC=offsec,DC=nl"
"T2-Permissions","3",,"9/16/2023 8:01:07 PM","9/16/2023 8:23:30 PM","OU=T2-Permissions,OU=Tier 2,OU=Admin,DC=offsec,DC=nl"
"ServiceAccounts","3",,"9/16/2023 8:01:08 PM","9/16/2023 8:23:38 PM","OU=ServiceAccounts,OU=OGC,OU=Tier 1,DC=offsec,DC=nl"
"T2-Roles","3",,"9/16/2023 8:01:07 PM","9/16/2023 8:23:35 PM","OU=T2-Roles,OU=Tier 2,OU=Admin,DC=offsec,DC=nl"
"Staging","2",,"9/16/2023 8:01:07 PM","9/16/2023 8:23:41 PM","OU=Staging,OU=Admin,DC=offsec,DC=nl"
"Groups","3",,"9/16/2023 8:01:08 PM","9/16/2023 8:01:08 PM","OU=Groups,OU=OGC,OU=Tier 1,DC=offsec,DC=nl"
"Tier 1","1",,"9/16/2023 8:01:08 PM","9/16/2023 8:01:08 PM","OU=Tier 1,DC=offsec,DC=nl"
"Devices","3",,"9/16/2023 8:01:08 PM","9/16/2023 8:23:35 PM","OU=Devices,OU=OGC,OU=Tier 1,DC=offsec,DC=nl"
"Groups","3",,"9/16/2023 8:01:08 PM","9/16/2023 8:23:37 PM","OU=Groups,OU=FSR,OU=Tier 1,DC=offsec,DC=nl"
"Test","3",,"9/16/2023 8:01:08 PM","9/16/2023 8:23:32 PM","OU=Test,OU=OGC,OU=Tier 1,DC=offsec,DC=nl"
"Devices","3",,"9/16/2023 8:01:08 PM","9/16/2023 8:23:36 PM","OU=Devices,OU=FSR,OU=Tier 1,DC=offsec,DC=nl"
"Test","3",,"9/16/2023 8:01:08 PM","9/16/2023 8:23:39 PM","OU=Test,OU=FSR,OU=Tier 1,DC=offsec,DC=nl"
"AWS","2","AWS Stuff","9/16/2023 8:01:08 PM","9/16/2023 8:23:39 PM","OU=AWS,OU=Tier 1,DC=offsec,DC=nl"
"FSR","2","Field Services","9/16/2023 8:01:08 PM","9/16/2023 8:01:08 PM","OU=FSR,OU=Tier 1,DC=offsec,DC=nl"
"ServiceAccounts","3",,"9/16/2023 8:01:08 PM","9/16/2023 8:23:38 PM","OU=ServiceAccounts,OU=AWS,OU=Tier 1,DC=offsec,DC=nl"
"Groups","3",,"9/16/2023 8:01:09 PM","9/16/2023 8:01:09 PM","OU=Groups,OU=AWS,OU=Tier 1,DC=offsec,DC=nl"
"Devices","3",,"9/16/2023 8:01:09 PM","9/16/2023 8:01:09 PM","OU=Devices,OU=AWS,OU=Tier 1,DC=offsec,DC=nl"
"ServiceAccounts","3",,"9/16/2023 8:01:08 PM","9/16/2023 8:23:32 PM","OU=ServiceAccounts,OU=FSR,OU=Tier 1,DC=offsec,DC=nl"
"Test","3",,"9/16/2023 8:01:09 PM","9/16/2023 8:23:33 PM","OU=Test,OU=AWS,OU=Tier 1,DC=offsec,DC=nl"
"ESM","2","Endpoint System Management","9/16/2023 8:01:09 PM","9/16/2023 8:01:09 PM","OU=ESM,OU=Tier 1,DC=offsec,DC=nl"
"Test","3",,"9/16/2023 8:01:09 PM","9/16/2023 8:23:38 PM","OU=Test,OU=ITS,OU=Tier 1,DC=offsec,DC=nl"
"ServiceAccounts","3",,"9/16/2023 8:01:09 PM","9/16/2023 8:01:09 PM","OU=ServiceAccounts,OU=ESM,OU=Tier 1,DC=offsec,DC=nl"
"GOO","2","Google Cloud","9/16/2023 8:01:09 PM","9/16/2023 8:01:09 PM","OU=GOO,OU=Tier 1,DC=offsec,DC=nl"
"Groups","3",,"9/16/2023 8:01:09 PM","9/16/2023 8:23:28 PM","OU=Groups,OU=ESM,OU=Tier 1,DC=offsec,DC=nl"
"Devices","3",,"9/16/2023 8:01:09 PM","9/16/2023 8:23:39 PM","OU=Devices,OU=ESM,OU=Tier 1,DC=offsec,DC=nl"
"ServiceAccounts","3",,"9/16/2023 8:01:09 PM","9/16/2023 8:23:35 PM","OU=ServiceAccounts,OU=GOO,OU=Tier 1,DC=offsec,DC=nl"
"Test","3",,"9/16/2023 8:01:09 PM","9/16/2023 8:01:09 PM","OU=Test,OU=ESM,OU=Tier 1,DC=offsec,DC=nl"
"Groups","3",,"9/16/2023 8:01:09 PM","9/16/2023 8:23:36 PM","OU=Groups,OU=GOO,OU=Tier 1,DC=offsec,DC=nl"
"SEC","2","Information Security","9/16/2023 8:01:09 PM","9/16/2023 8:01:09 PM","OU=SEC,OU=Tier 1,DC=offsec,DC=nl"
"Devices","3",,"9/16/2023 8:01:09 PM","9/16/2023 8:23:37 PM","OU=Devices,OU=GOO,OU=Tier 1,DC=offsec,DC=nl"
"ServiceAccounts","3",,"9/16/2023 8:01:09 PM","9/16/2023 8:23:40 PM","OU=ServiceAccounts,OU=SEC,OU=Tier 1,DC=offsec,DC=nl"
"Test","3",,"9/16/2023 8:01:09 PM","9/16/2023 8:23:37 PM","OU=Test,OU=GOO,OU=Tier 1,DC=offsec,DC=nl"
"Groups","3",,"9/16/2023 8:01:09 PM","9/16/2023 8:23:41 PM","OU=Groups,OU=SEC,OU=Tier 1,DC=offsec,DC=nl"
"AZR","2","Azure Cloud stuff","9/16/2023 8:01:09 PM","9/16/2023 8:23:38 PM","OU=AZR,OU=Tier 1,DC=offsec,DC=nl"
"ServiceAccounts","3",,"9/16/2023 8:01:09 PM","9/16/2023 8:23:38 PM","OU=ServiceAccounts,OU=AZR,OU=Tier 1,DC=offsec,DC=nl"
"Devices","3",,"9/16/2023 8:01:09 PM","9/16/2023 8:23:37 PM","OU=Devices,OU=SEC,OU=Tier 1,DC=offsec,DC=nl"
"Test","3",,"9/16/2023 8:01:09 PM","9/16/2023 8:01:09 PM","OU=Test,OU=SEC,OU=Tier 1,DC=offsec,DC=nl"
"HRE","2","Human Relations","9/16/2023 8:01:10 PM","9/16/2023 8:01:10 PM","OU=HRE,OU=Tier 2,DC=offsec,DC=nl"
"ITS","2","Information Technology Services","9/16/2023 8:01:09 PM","9/16/2023 8:23:34 PM","OU=ITS,OU=Tier 1,DC=offsec,DC=nl"
"ServiceAccounts","3",,"9/16/2023 8:01:10 PM","9/16/2023 8:01:10 PM","OU=ServiceAccounts,OU=HRE,OU=Tier 2,DC=offsec,DC=nl"
"ServiceAccounts","3",,"9/16/2023 8:01:09 PM","9/16/2023 8:01:09 PM","OU=ServiceAccounts,OU=ITS,OU=Tier 1,DC=offsec,DC=nl"
"Groups","3",,"9/16/2023 8:01:09 PM","9/16/2023 8:23:35 PM","OU=Groups,OU=ITS,OU=Tier 1,DC=offsec,DC=nl"
"Devices","3",,"9/16/2023 8:01:09 PM","9/16/2023 8:23:33 PM","OU=Devices,OU=ITS,OU=Tier 1,DC=offsec,DC=nl"
"Groups","3",,"9/16/2023 8:01:09 PM","9/16/2023 8:23:41 PM","OU=Groups,OU=AZR,OU=Tier 1,DC=offsec,DC=nl"
"Groups","3",,"9/16/2023 8:01:10 PM","9/16/2023 8:01:10 PM","OU=Groups,OU=HRE,OU=Tier 2,DC=offsec,DC=nl"
"Devices","3",,"9/16/2023 8:01:09 PM","9/16/2023 8:23:41 PM","OU=Devices,OU=AZR,OU=Tier 1,DC=offsec,DC=nl"
"Test","3",,"9/16/2023 8:01:09 PM","9/16/2023 8:01:09 PM","OU=Test,OU=AZR,OU=Tier 1,DC=offsec,DC=nl"
"Devices","3",,"9/16/2023 8:01:10 PM","9/16/2023 8:23:42 PM","OU=Devices,OU=HRE,OU=Tier 2,DC=offsec,DC=nl"
"TST","2","Testing Admin Stuff","9/16/2023 8:01:09 PM","9/16/2023 8:23:37 PM","OU=TST,OU=Tier 1,DC=offsec,DC=nl"
"Test","3",,"9/16/2023 8:01:10 PM","9/16/2023 8:23:41 PM","OU=Test,OU=HRE,OU=Tier 2,DC=offsec,DC=nl"
"ServiceAccounts","3",,"9/16/2023 8:01:10 PM","9/16/2023 8:23:37 PM","OU=ServiceAccounts,OU=TST,OU=Tier 1,DC=offsec,DC=nl"
"FIN","2","Finance","9/16/2023 8:01:10 PM","9/16/2023 8:23:28 PM","OU=FIN,OU=Tier 2,DC=offsec,DC=nl"
"Groups","3",,"9/16/2023 8:01:10 PM","9/16/2023 8:23:42 PM","OU=Groups,OU=TST,OU=Tier 1,DC=offsec,DC=nl"
"ServiceAccounts","3",,"9/16/2023 8:01:10 PM","9/16/2023 8:23:27 PM","OU=ServiceAccounts,OU=FIN,OU=Tier 2,DC=offsec,DC=nl"
"Groups","3",,"9/16/2023 8:01:10 PM","9/16/2023 8:01:10 PM","OU=Groups,OU=FIN,OU=Tier 2,DC=offsec,DC=nl"
"Devices","3",,"9/16/2023 8:01:10 PM","9/16/2023 8:23:41 PM","OU=Devices,OU=TST,OU=Tier 1,DC=offsec,DC=nl"
"Devices","3",,"9/16/2023 8:01:10 PM","9/16/2023 8:23:36 PM","OU=Devices,OU=FIN,OU=Tier 2,DC=offsec,DC=nl"
"Test","3",,"9/16/2023 8:01:10 PM","9/16/2023 8:23:35 PM","OU=Test,OU=FIN,OU=Tier 2,DC=offsec,DC=nl"
"Test","3",,"9/16/2023 8:01:10 PM","9/16/2023 8:23:37 PM","OU=Test,OU=TST,OU=Tier 1,DC=offsec,DC=nl"
"OGC","2","Office of the General Counsel","9/16/2023 8:01:10 PM","9/16/2023 8:23:34 PM","OU=OGC,OU=Tier 2,DC=offsec,DC=nl"
"ServiceAccounts","3",,"9/16/2023 8:01:10 PM","9/16/2023 8:01:10 PM","OU=ServiceAccounts,OU=OGC,OU=Tier 2,DC=offsec,DC=nl"
"Groups","3",,"9/16/2023 8:01:10 PM","9/16/2023 8:23:41 PM","OU=Groups,OU=OGC,OU=Tier 2,DC=offsec,DC=nl"
"Devices","3",,"9/16/2023 8:01:10 PM","9/16/2023 8:01:10 PM","OU=Devices,OU=OGC,OU=Tier 2,DC=offsec,DC=nl"
"Tier 2","1",,"9/16/2023 8:01:10 PM","9/16/2023 8:01:10 PM","OU=Tier 2,DC=offsec,DC=nl"
"Test","3",,"9/16/2023 8:01:10 PM","9/16/2023 8:01:10 PM","OU=Test,OU=OGC,OU=Tier 2,DC=offsec,DC=nl"
"FSR","2","Field Services","9/16/2023 8:01:10 PM","9/16/2023 8:23:41 PM","OU=FSR,OU=Tier 2,DC=offsec,DC=nl"
"BDE","2","Business Development","9/16/2023 8:01:10 PM","9/16/2023 8:23:40 PM","OU=BDE,OU=Tier 2,DC=offsec,DC=nl"
"ServiceAccounts","3",,"9/16/2023 8:01:10 PM","9/16/2023 8:01:10 PM","OU=ServiceAccounts,OU=FSR,OU=Tier 2,DC=offsec,DC=nl"
"Groups","3",,"9/16/2023 8:01:11 PM","9/16/2023 8:23:39 PM","OU=Groups,OU=FSR,OU=Tier 2,DC=offsec,DC=nl"
"ServiceAccounts","3",,"9/16/2023 8:01:10 PM","9/16/2023 8:01:10 PM","OU=ServiceAccounts,OU=BDE,OU=Tier 2,DC=offsec,DC=nl"
"Devices","3",,"9/16/2023 8:01:11 PM","9/16/2023 8:23:39 PM","OU=Devices,OU=FSR,OU=Tier 2,DC=offsec,DC=nl"
"Groups","3",,"9/16/2023 8:01:10 PM","9/16/2023 8:01:10 PM","OU=Groups,OU=BDE,OU=Tier 2,DC=offsec,DC=nl"
"Test","3",,"9/16/2023 8:01:11 PM","9/16/2023 8:23:32 PM","OU=Test,OU=FSR,OU=Tier 2,DC=offsec,DC=nl"
"Devices","3",,"9/16/2023 8:01:10 PM","9/16/2023 8:23:33 PM","OU=Devices,OU=BDE,OU=Tier 2,DC=offsec,DC=nl"
"AWS","2","AWS Stuff","9/16/2023 8:01:11 PM","9/16/2023 8:23:36 PM","OU=AWS,OU=Tier 2,DC=offsec,DC=nl"
"Test","3",,"9/16/2023 8:01:10 PM","9/16/2023 8:01:10 PM","OU=Test,OU=BDE,OU=Tier 2,DC=offsec,DC=nl"
"ServiceAccounts","3",,"9/16/2023 8:01:11 PM","9/16/2023 8:01:11 PM","OU=ServiceAccounts,OU=AWS,OU=Tier 2,DC=offsec,DC=nl"
"Groups","3",,"9/16/2023 8:01:11 PM","9/16/2023 8:23:28 PM","OU=Groups,OU=AWS,OU=Tier 2,DC=offsec,DC=nl"
"Devices","3",,"9/16/2023 8:01:11 PM","9/16/2023 8:01:11 PM","OU=Devices,OU=AWS,OU=Tier 2,DC=offsec,DC=nl"
"Test","3",,"9/16/2023 8:01:11 PM","9/16/2023 8:23:40 PM","OU=Test,OU=AWS,OU=Tier 2,DC=offsec,DC=nl"
"Test","3",,"9/16/2023 8:01:11 PM","9/16/2023 8:23:41 PM","OU=Test,OU=GOO,OU=Tier 2,DC=offsec,DC=nl"
"ESM","2","Endpoint System Management","9/16/2023 8:01:11 PM","9/16/2023 8:23:38 PM","OU=ESM,OU=Tier 2,DC=offsec,DC=nl"
"AZR","2","Azure Cloud stuff","9/16/2023 8:01:11 PM","9/16/2023 8:23:36 PM","OU=AZR,OU=Tier 2,DC=offsec,DC=nl"
"ServiceAccounts","3",,"9/16/2023 8:01:11 PM","9/16/2023 8:01:11 PM","OU=ServiceAccounts,OU=ESM,OU=Tier 2,DC=offsec,DC=nl"
"ServiceAccounts","3",,"9/16/2023 8:01:12 PM","9/16/2023 8:23:35 PM","OU=ServiceAccounts,OU=AZR,OU=Tier 2,DC=offsec,DC=nl"
"Groups","3",,"9/16/2023 8:01:11 PM","9/16/2023 8:01:11 PM","OU=Groups,OU=ESM,OU=Tier 2,DC=offsec,DC=nl"
"Groups","3",,"9/16/2023 8:01:12 PM","9/16/2023 8:23:30 PM","OU=Groups,OU=AZR,OU=Tier 2,DC=offsec,DC=nl"
"Devices","3",,"9/16/2023 8:01:11 PM","9/16/2023 8:23:41 PM","OU=Devices,OU=ESM,OU=Tier 2,DC=offsec,DC=nl"
"FIN","2","Finance","9/16/2023 8:01:12 PM","9/16/2023 8:01:12 PM","OU=FIN,OU=Stage,DC=offsec,DC=nl"
"Devices","3",,"9/16/2023 8:01:12 PM","9/16/2023 8:23:33 PM","OU=Devices,OU=AZR,OU=Tier 2,DC=offsec,DC=nl"
"Test","3",,"9/16/2023 8:01:11 PM","9/16/2023 8:01:11 PM","OU=Test,OU=ESM,OU=Tier 2,DC=offsec,DC=nl"
"Test","3",,"9/16/2023 8:01:12 PM","9/16/2023 8:23:29 PM","OU=Test,OU=AZR,OU=Tier 2,DC=offsec,DC=nl"
"ServiceAccounts","3",,"9/16/2023 8:01:12 PM","9/16/2023 8:01:12 PM","OU=ServiceAccounts,OU=FIN,OU=Stage,DC=offsec,DC=nl"
"TST","2","Testing Admin Stuff","9/16/2023 8:01:12 PM","9/16/2023 8:23:33 PM","OU=TST,OU=Tier 2,DC=offsec,DC=nl"
"Groups","3",,"9/16/2023 8:01:12 PM","9/16/2023 8:01:12 PM","OU=Groups,OU=FIN,OU=Stage,DC=offsec,DC=nl"
"ServiceAccounts","3",,"9/16/2023 8:01:12 PM","9/16/2023 8:01:12 PM","OU=ServiceAccounts,OU=TST,OU=Tier 2,DC=offsec,DC=nl"
"Groups","3",,"9/16/2023 8:01:12 PM","9/16/2023 8:01:12 PM","OU=Groups,OU=TST,OU=Tier 2,DC=offsec,DC=nl"
"Devices","3",,"9/16/2023 8:01:12 PM","9/16/2023 8:01:12 PM","OU=Devices,OU=FIN,OU=Stage,DC=offsec,DC=nl"
"Devices","3",,"9/16/2023 8:01:12 PM","9/16/2023 8:01:12 PM","OU=Devices,OU=TST,OU=Tier 2,DC=offsec,DC=nl"
"SEC","2","Information Security","9/16/2023 8:01:11 PM","9/16/2023 8:23:35 PM","OU=SEC,OU=Tier 2,DC=offsec,DC=nl"
"Test","3",,"9/16/2023 8:01:12 PM","9/16/2023 8:23:38 PM","OU=Test,OU=FIN,OU=Stage,DC=offsec,DC=nl"
"Test","3",,"9/16/2023 8:01:12 PM","9/16/2023 8:01:12 PM","OU=Test,OU=TST,OU=Tier 2,DC=offsec,DC=nl"
"ServiceAccounts","3",,"9/16/2023 8:01:11 PM","9/16/2023 8:23:31 PM","OU=ServiceAccounts,OU=SEC,OU=Tier 2,DC=offsec,DC=nl"
"OGC","2","Office of the General Counsel","9/16/2023 8:01:12 PM","9/16/2023 8:01:12 PM","OU=OGC,OU=Stage,DC=offsec,DC=nl"
"Stage","1",,"9/16/2023 8:01:12 PM","9/16/2023 8:01:12 PM","OU=Stage,DC=offsec,DC=nl"
"Groups","3",,"9/16/2023 8:01:11 PM","9/16/2023 8:23:37 PM","OU=Groups,OU=SEC,OU=Tier 2,DC=offsec,DC=nl"
"ServiceAccounts","3",,"9/16/2023 8:01:12 PM","9/16/2023 8:01:12 PM","OU=ServiceAccounts,OU=OGC,OU=Stage,DC=offsec,DC=nl"
"BDE","2","Business Development","9/16/2023 8:01:12 PM","9/16/2023 8:23:37 PM","OU=BDE,OU=Stage,DC=offsec,DC=nl"
"Devices","3",,"9/16/2023 8:01:11 PM","9/16/2023 8:01:11 PM","OU=Devices,OU=SEC,OU=Tier 2,DC=offsec,DC=nl"
"Groups","3",,"9/16/2023 8:01:12 PM","9/16/2023 8:01:12 PM","OU=Groups,OU=OGC,OU=Stage,DC=offsec,DC=nl"
"ServiceAccounts","3",,"9/16/2023 8:01:12 PM","9/16/2023 8:23:32 PM","OU=ServiceAccounts,OU=BDE,OU=Stage,DC=offsec,DC=nl"
"Test","3",,"9/16/2023 8:01:11 PM","9/16/2023 8:01:11 PM","OU=Test,OU=SEC,OU=Tier 2,DC=offsec,DC=nl"
"Devices","3",,"9/16/2023 8:01:13 PM","9/16/2023 8:23:39 PM","OU=Devices,OU=OGC,OU=Stage,DC=offsec,DC=nl"
"ITS","2","Information Technology Services","9/16/2023 8:01:11 PM","9/16/2023 8:23:39 PM","OU=ITS,OU=Tier 2,DC=offsec,DC=nl"
"Test","3",,"9/16/2023 8:01:13 PM","9/16/2023 8:01:13 PM","OU=Test,OU=OGC,OU=Stage,DC=offsec,DC=nl"
"Groups","3",,"9/16/2023 8:01:12 PM","9/16/2023 8:23:35 PM","OU=Groups,OU=BDE,OU=Stage,DC=offsec,DC=nl"
"FSR","2","Field Services","9/16/2023 8:01:13 PM","9/16/2023 8:23:29 PM","OU=FSR,OU=Stage,DC=offsec,DC=nl"
"Devices","3",,"9/16/2023 8:01:12 PM","9/16/2023 8:23:36 PM","OU=Devices,OU=BDE,OU=Stage,DC=offsec,DC=nl"
"ServiceAccounts","3",,"9/16/2023 8:01:13 PM","9/16/2023 8:23:35 PM","OU=ServiceAccounts,OU=FSR,OU=Stage,DC=offsec,DC=nl"
"Test","3",,"9/16/2023 8:01:12 PM","9/16/2023 8:01:12 PM","OU=Test,OU=BDE,OU=Stage,DC=offsec,DC=nl"
"Groups","3",,"9/16/2023 8:01:13 PM","9/16/2023 8:01:13 PM","OU=Groups,OU=FSR,OU=Stage,DC=offsec,DC=nl"
"HRE","2","Human Relations","9/16/2023 8:01:12 PM","9/16/2023 8:01:12 PM","OU=HRE,OU=Stage,DC=offsec,DC=nl"
"Devices","3",,"9/16/2023 8:01:13 PM","9/16/2023 8:23:35 PM","OU=Devices,OU=FSR,OU=Stage,DC=offsec,DC=nl"
"Test","3",,"9/16/2023 8:01:13 PM","9/16/2023 8:23:42 PM","OU=Test,OU=FSR,OU=Stage,DC=offsec,DC=nl"
"ServiceAccounts","3",,"9/16/2023 8:01:12 PM","9/16/2023 8:23:41 PM","OU=ServiceAccounts,OU=HRE,OU=Stage,DC=offsec,DC=nl"
"AWS","2","AWS Stuff","9/16/2023 8:01:13 PM","9/16/2023 8:23:36 PM","OU=AWS,OU=Stage,DC=offsec,DC=nl"
"Groups","3",,"9/16/2023 8:01:12 PM","9/16/2023 8:23:36 PM","OU=Groups,OU=HRE,OU=Stage,DC=offsec,DC=nl"
"ServiceAccounts","3",,"9/16/2023 8:01:11 PM","9/16/2023 8:01:11 PM","OU=ServiceAccounts,OU=ITS,OU=Tier 2,DC=offsec,DC=nl"
"ServiceAccounts","3",,"9/16/2023 8:01:13 PM","9/16/2023 8:23:29 PM","OU=ServiceAccounts,OU=AWS,OU=Stage,DC=offsec,DC=nl"
"Groups","3",,"9/16/2023 8:01:11 PM","9/16/2023 8:23:40 PM","OU=Groups,OU=ITS,OU=Tier 2,DC=offsec,DC=nl"
"Groups","3",,"9/16/2023 8:01:13 PM","9/16/2023 8:01:13 PM","OU=Groups,OU=AWS,OU=Stage,DC=offsec,DC=nl"
"Devices","3",,"9/16/2023 8:01:11 PM","9/16/2023 8:23:39 PM","OU=Devices,OU=ITS,OU=Tier 2,DC=offsec,DC=nl"
"Devices","3",,"9/16/2023 8:01:13 PM","9/16/2023 8:23:41 PM","OU=Devices,OU=AWS,OU=Stage,DC=offsec,DC=nl"
"Test","3",,"9/16/2023 8:01:11 PM","9/16/2023 8:01:11 PM","OU=Test,OU=ITS,OU=Tier 2,DC=offsec,DC=nl"
"Devices","3",,"9/16/2023 8:01:12 PM","9/16/2023 8:23:37 PM","OU=Devices,OU=HRE,OU=Stage,DC=offsec,DC=nl"
"Test","3",,"9/16/2023 8:01:13 PM","9/16/2023 8:23:42 PM","OU=Test,OU=AWS,OU=Stage,DC=offsec,DC=nl"
"GOO","2","Google Cloud","9/16/2023 8:01:11 PM","9/16/2023 8:01:11 PM","OU=GOO,OU=Tier 2,DC=offsec,DC=nl"
"Test","3",,"9/16/2023 8:01:12 PM","9/16/2023 8:23:38 PM","OU=Test,OU=HRE,OU=Stage,DC=offsec,DC=nl"
"ServiceAccounts","3",,"9/16/2023 8:01:11 PM","9/16/2023 8:01:11 PM","OU=ServiceAccounts,OU=GOO,OU=Tier 2,DC=offsec,DC=nl"
"ESM","2","Endpoint System Management","9/16/2023 8:01:13 PM","9/16/2023 8:23:27 PM","OU=ESM,OU=Stage,DC=offsec,DC=nl"
"ServiceAccounts","3",,"9/16/2023 8:01:13 PM","9/16/2023 8:23:40 PM","OU=ServiceAccounts,OU=ESM,OU=Stage,DC=offsec,DC=nl"
"Groups","3",,"9/16/2023 8:01:11 PM","9/16/2023 8:23:28 PM","OU=Groups,OU=GOO,OU=Tier 2,DC=offsec,DC=nl"
"Devices","3",,"9/16/2023 8:01:11 PM","9/16/2023 8:23:36 PM","OU=Devices,OU=GOO,OU=Tier 2,DC=offsec,DC=nl"
"Groups","3",,"9/16/2023 8:01:13 PM","9/16/2023 8:01:13 PM","OU=Groups,OU=ESM,OU=Stage,DC=offsec,DC=nl"
"Devices","3",,"9/16/2023 8:01:13 PM","9/16/2023 8:23:31 PM","OU=Devices,OU=ESM,OU=Stage,DC=offsec,DC=nl"
"Test","3",,"9/16/2023 8:01:13 PM","9/16/2023 8:01:13 PM","OU=Test,OU=ESM,OU=Stage,DC=offsec,DC=nl"
"SEC","2","Information Security","9/16/2023 8:01:13 PM","9/16/2023 8:01:13 PM","OU=SEC,OU=Stage,DC=offsec,DC=nl"
"Test","3",,"9/16/2023 8:01:14 PM","9/16/2023 8:01:14 PM","OU=Test,OU=AZR,OU=Stage,DC=offsec,DC=nl"
"ServiceAccounts","3",,"9/16/2023 8:01:13 PM","9/16/2023 8:01:13 PM","OU=ServiceAccounts,OU=SEC,OU=Stage,DC=offsec,DC=nl"
"TST","2","Testing Admin Stuff","9/16/2023 8:01:14 PM","9/16/2023 8:23:26 PM","OU=TST,OU=Stage,DC=offsec,DC=nl"
"Groups","3",,"9/16/2023 8:01:13 PM","9/16/2023 8:23:32 PM","OU=Groups,OU=SEC,OU=Stage,DC=offsec,DC=nl"
"ServiceAccounts","3",,"9/16/2023 8:01:14 PM","9/16/2023 8:23:31 PM","OU=ServiceAccounts,OU=TST,OU=Stage,DC=offsec,DC=nl"
"Devices","3",,"9/16/2023 8:01:13 PM","9/16/2023 8:23:30 PM","OU=Devices,OU=SEC,OU=Stage,DC=offsec,DC=nl"
"Groups","3",,"9/16/2023 8:01:14 PM","9/16/2023 8:01:14 PM","OU=Groups,OU=TST,OU=Stage,DC=offsec,DC=nl"
"Test","3",,"9/16/2023 8:01:13 PM","9/16/2023 8:01:13 PM","OU=Test,OU=SEC,OU=Stage,DC=offsec,DC=nl"
"Devices","3",,"9/16/2023 8:01:14 PM","9/16/2023 8:01:14 PM","OU=Devices,OU=TST,OU=Stage,DC=offsec,DC=nl"
"ITS","2","Information Technology Services","9/16/2023 8:01:13 PM","9/16/2023 8:01:13 PM","OU=ITS,OU=Stage,DC=offsec,DC=nl"
"Test","3",,"9/16/2023 8:01:14 PM","9/16/2023 8:23:41 PM","OU=Test,OU=TST,OU=Stage,DC=offsec,DC=nl"
"ServiceAccounts","3",,"9/16/2023 8:01:13 PM","9/16/2023 8:23:40 PM","OU=ServiceAccounts,OU=ITS,OU=Stage,DC=offsec,DC=nl"
"Quarantine","1",,"9/16/2023 8:01:14 PM","9/16/2023 8:01:14 PM","OU=Quarantine,DC=offsec,DC=nl"
"Groups","3",,"9/16/2023 8:01:13 PM","9/16/2023 8:23:39 PM","OU=Groups,OU=ITS,OU=Stage,DC=offsec,DC=nl"
"Grouper-Groups","1",,"9/16/2023 8:01:14 PM","9/16/2023 8:01:14 PM","OU=Grouper-Groups,DC=offsec,DC=nl"
"Devices","3",,"9/16/2023 8:01:13 PM","9/16/2023 8:23:39 PM","OU=Devices,OU=ITS,OU=Stage,DC=offsec,DC=nl"
"People","1",,"9/16/2023 8:01:14 PM","9/16/2023 8:23:30 PM","OU=People,DC=offsec,DC=nl"
"Test","3",,"9/16/2023 8:01:13 PM","9/16/2023 8:23:31 PM","OU=Test,OU=ITS,OU=Stage,DC=offsec,DC=nl"
"BDE","2","Business Development","9/16/2023 8:01:14 PM","9/16/2023 8:01:14 PM","OU=BDE,OU=People,DC=offsec,DC=nl"
"GOO","2","Google Cloud","9/16/2023 8:01:13 PM","9/16/2023 8:23:39 PM","OU=GOO,OU=Stage,DC=offsec,DC=nl"
"HRE","2","Human Relations","9/16/2023 8:01:14 PM","9/16/2023 8:23:34 PM","OU=HRE,OU=People,DC=offsec,DC=nl"
"FIN","2","Finance","9/16/2023 8:01:14 PM","9/16/2023 8:23:38 PM","OU=FIN,OU=People,DC=offsec,DC=nl"
"ServiceAccounts","3",,"9/16/2023 8:01:13 PM","9/16/2023 8:23:38 PM","OU=ServiceAccounts,OU=GOO,OU=Stage,DC=offsec,DC=nl"
"OGC","2","Office of the General Counsel","9/16/2023 8:01:14 PM","9/16/2023 8:23:42 PM","OU=OGC,OU=People,DC=offsec,DC=nl"
"FSR","2","Field Services","9/16/2023 8:01:14 PM","9/16/2023 8:23:29 PM","OU=FSR,OU=People,DC=offsec,DC=nl"
"Groups","3",,"9/16/2023 8:01:13 PM","9/16/2023 8:23:41 PM","OU=Groups,OU=GOO,OU=Stage,DC=offsec,DC=nl"
"AWS","2","AWS Stuff","9/16/2023 8:01:14 PM","9/16/2023 8:23:32 PM","OU=AWS,OU=People,DC=offsec,DC=nl"
"Devices","3",,"9/16/2023 8:01:13 PM","9/16/2023 8:23:37 PM","OU=Devices,OU=GOO,OU=Stage,DC=offsec,DC=nl"
"ESM","2","Endpoint System Management","9/16/2023 8:01:14 PM","9/16/2023 8:23:32 PM","OU=ESM,OU=People,DC=offsec,DC=nl"
"SEC","2","Information Security","9/16/2023 8:01:14 PM","9/16/2023 8:23:29 PM","OU=SEC,OU=People,DC=offsec,DC=nl"
"Test","3",,"9/16/2023 8:01:14 PM","9/16/2023 8:01:14 PM","OU=Test,OU=GOO,OU=Stage,DC=offsec,DC=nl"
"ITS","2","Information Technology Services","9/16/2023 8:01:14 PM","9/16/2023 8:01:14 PM","OU=ITS,OU=People,DC=offsec,DC=nl"
"AZR","2","Azure Cloud stuff","9/16/2023 8:01:14 PM","9/16/2023 8:01:14 PM","OU=AZR,OU=Stage,DC=offsec,DC=nl"
"GOO","2","Google Cloud","9/16/2023 8:01:14 PM","9/16/2023 8:23:31 PM","OU=GOO,OU=People,DC=offsec,DC=nl"
"ServiceAccounts","3",,"9/16/2023 8:01:14 PM","9/16/2023 8:01:14 PM","OU=ServiceAccounts,OU=AZR,OU=Stage,DC=offsec,DC=nl"
"Groups","3",,"9/16/2023 8:01:14 PM","9/16/2023 8:23:26 PM","OU=Groups,OU=AZR,OU=Stage,DC=offsec,DC=nl"
"AZR","2","Azure Cloud stuff","9/16/2023 8:01:14 PM","9/16/2023 8:01:14 PM","OU=AZR,OU=People,DC=offsec,DC=nl"
"Devices","3",,"9/16/2023 8:01:14 PM","9/16/2023 8:23:28 PM","OU=Devices,OU=AZR,OU=Stage,DC=offsec,DC=nl"
"TST","2","Testing Admin Stuff","9/16/2023 8:01:14 PM","9/16/2023 8:23:41 PM","OU=TST,OU=People,DC=offsec,DC=nl"
"Deprovisioned","2","User account that have been deprovisioned by the IDM System","9/16/2023 8:01:14 PM","9/16/2023 8:23:40 PM","OU=Deprovisioned,OU=People,DC=offsec,DC=nl"
"Unassociated","2","User Object that do have have any department affliation","9/16/2023 8:01:14 PM","9/16/2023 8:01:14 PM","OU=Unassociated,OU=People,DC=offsec,DC=nl"
"Testing","1",,"9/16/2023 8:01:15 PM","9/16/2023 8:23:41 PM","OU=Testing,DC=offsec,DC=nl"
".SecFrame.com","1",,"9/16/2023 8:01:15 PM","9/16/2023 8:01:15 PM","OU=.SecFrame.com,DC=offsec,DC=nl"
