﻿{"data":[{"GPOChanges":{"LocalAdmins":[],"RemoteDesktopUsers":[],"DcomUsers":[],"PSRemoteUsers":[],"AffectedComputers":[]},"Properties":{"domain":"OFFSEC.NL","name":"OFFSEC.NL","distinguishedname":"DC=OFFSEC,DC=NL","domainsid":"S-1-5-21-1371919101-1241663934-1364340945","highvalue":true,"description":null,"whencreated":1656944188,"functionallevel":"2016"},"ChildObjects":[{"ObjectIdentifier":"43580793-1273-4198-8042-33290FAD2185","ObjectType":"OU"},{"ObjectIdentifier":"74F43C91-02CE-4E3C-9E33-9EE702277DBF","ObjectType":"OU"},{"ObjectIdentifier":"F59D5CD8-64CE-42AB-B5AD-E54A73332778","ObjectType":"Container"},{"ObjectIdentifier":"E863BEAA-96B3-4FAD-8FE0-9DE69A05885A","ObjectType":"OU"},{"ObjectIdentifier":"F95B8696-6755-4C3A-B1AA-526950BA717C","ObjectType":"Container"},{"ObjectIdentifier":"0ACBE38F-559B-4FC0-9730-6ADE4A8BCFC9","ObjectType":"OU"},{"ObjectIdentifier":"065FA484-1607-4343-9344-9157A7D8D88F","ObjectType":"Container"},{"ObjectIdentifier":"9F9BDC35-04EB-459E-A10E-06E7B4453B99","ObjectType":"Container"},{"ObjectIdentifier":"BFEA1A8D-0EAF-4160-AB60-BF4EF57AE508","ObjectType":"OU"},{"ObjectIdentifier":"416432D6-FD75-45EE-89D6-ADD08BC1651D","ObjectType":"OU"},{"ObjectIdentifier":"DCD7145F-F6D7-4AA9-A5AF-B7F771FBFC9F","ObjectType":"OU"},{"ObjectIdentifier":"B4F2A032-03C1-4B4F-A53C-DDE4A567E51A","ObjectType":"OU"},{"ObjectIdentifier":"D5F449D6-98B9-459D-8AA3-841FFF8B66BF","ObjectType":"OU"},{"ObjectIdentifier":"F9F6203A-DF8D-47AF-BAEE-F95E815EF37C","ObjectType":"OU"},{"ObjectIdentifier":"E7BC22FF-5DF0-4D9E-8425-1CD831B68008","ObjectType":"Container"}],"Trusts":[],"Links":[{"IsEnforced":false,"GUID":"AD14A610-850A-42FB-BC93-26C57C3649F6"}],"Aces":[{"PrincipalSID":"OFFSEC.NL-S-1-5-32-544","PrincipalType":"Group","RightName":"Owns","IsInherited":false},{"PrincipalSID":"OFFSEC.NL-S-1-5-32-544","PrincipalType":"Group","RightName":"WriteDacl","IsInherited":false},{"PrincipalSID":"OFFSEC.NL-S-1-5-32-544","PrincipalType":"Group","RightName":"WriteOwner","IsInherited":false},{"PrincipalSID":"OFFSEC.NL-S-1-5-32-544","PrincipalType":"Group","RightName":"AllExtendedRights","IsInherited":false},{"PrincipalSID":"S-1-5-21-1371919101-1241663934-1364340945-512","PrincipalType":"Group","RightName":"WriteDacl","IsInherited":false},{"PrincipalSID":"S-1-5-21-1371919101-1241663934-1364340945-512","PrincipalType":"Group","RightName":"WriteOwner","IsInherited":false},{"PrincipalSID":"S-1-5-21-1371919101-1241663934-1364340945-512","PrincipalType":"Group","RightName":"AllExtendedRights","IsInherited":false},{"PrincipalSID":"S-1-5-21-1371919101-1241663934-1364340945-519","PrincipalType":"Group","RightName":"GenericAll","IsInherited":false},{"PrincipalSID":"OFFSEC.NL-S-1-5-9","PrincipalType":"Group","RightName":"GetChangesInFilteredSet","IsInherited":false},{"PrincipalSID":"OFFSEC.NL-S-1-5-9","PrincipalType":"Group","RightName":"GetChanges","IsInherited":false},{"PrincipalSID":"OFFSEC.NL-S-1-5-32-544","PrincipalType":"Group","RightName":"GetChangesAll","IsInherited":false},{"PrincipalSID":"OFFSEC.NL-S-1-5-32-544","PrincipalType":"Group","RightName":"GetChangesInFilteredSet","IsInherited":false},{"PrincipalSID":"OFFSEC.NL-S-1-5-32-544","PrincipalType":"Group","RightName":"GetChanges","IsInherited":false},{"PrincipalSID":"S-1-5-21-1371919101-1241663934-1364340945-498","PrincipalType":"Group","RightName":"GetChanges","IsInherited":false},{"PrincipalSID":"S-1-5-21-1371919101-1241663934-1364340945-516","PrincipalType":"Group","RightName":"GetChangesAll","IsInherited":false}],"ObjectIdentifier":"S-1-5-21-1371919101-1241663934-1364340945","IsDeleted":false,"IsACLProtected":false}],"meta":{"methods":29675,"type":"domains","count":1,"version":5}}