﻿{"data":[{"ChildObjects":[],"Aces":[{"PrincipalSID":"S-1-5-21-3509477529-2169914037-1395257886-512","PrincipalType":"Group","RightName":"Owns","IsInherited":false},{"PrincipalSID":"S-1-5-21-3509477529-2169914037-1395257886-512","PrincipalType":"Group","RightName":"WriteDacl","IsInherited":false},{"PrincipalSID":"S-1-5-21-3509477529-2169914037-1395257886-512","PrincipalType":"Group","RightName":"WriteOwner","IsInherited":false},{"PrincipalSID":"S-1-5-21-3509477529-2169914037-1395257886-519","PrincipalType":"Group","RightName":"GenericAll","IsInherited":true},{"PrincipalSID":"S-1-5-21-3509477529-2169914037-1395257886-4136","PrincipalType":"Computer","RightName":"GenericAll","IsInherited":true},{"PrincipalSID":"S-1-5-21-3509477529-2169914037-1395257886-4154","PrincipalType":"Computer","RightName":"GenericAll","IsInherited":true},{"PrincipalSID":"S-1-5-21-3509477529-2169914037-1395257886-1389","PrincipalType":"User","RightName":"GenericAll","IsInherited":true},{"PrincipalSID":"S-1-5-21-3509477529-2169914037-1395257886-3753","PrincipalType":"Group","RightName":"GenericAll","IsInherited":true},{"PrincipalSID":"S-1-5-21-3509477529-2169914037-1395257886-4044","PrincipalType":"Group","RightName":"GenericAll","IsInherited":true},{"PrincipalSID":"S-1-5-21-3509477529-2169914037-1395257886-3797","PrincipalType":"Group","RightName":"GenericAll","IsInherited":true},{"PrincipalSID":"S-1-5-21-3509477529-2169914037-1395257886-4090","PrincipalType":"Computer","RightName":"GenericAll","IsInherited":true},{"PrincipalSID":"S-1-5-21-3509477529-2169914037-1395257886-1532","PrincipalType":"User","RightName":"GenericAll","IsInherited":true},{"PrincipalSID":"OFFSEC.NL-S-1-5-32-544","PrincipalType":"Group","RightName":"WriteDacl","IsInherited":true},{"PrincipalSID":"OFFSEC.NL-S-1-5-32-544","PrincipalType":"Group","RightName":"WriteOwner","IsInherited":true}],"ObjectIdentifier":"96D62A15-3A16-444E-9707-C82E97B425E3","IsDeleted":false,"IsACLProtected":false,"Properties":{"domain":"OFFSEC.NL","name":"IP SECURITY@OFFSEC.NL","distinguishedname":"CN=IP SECURITY,CN=SYSTEM,DC=OFFSEC,DC=NL","domainsid":"S-1-5-21-3509477529-2169914037-1395257886"}},{"ChildObjects":[],"Aces":[{"PrincipalSID":"S-1-5-21-3509477529-2169914037-1395257886-512","PrincipalType":"Group","RightName":"Owns","IsInherited":false},{"PrincipalSID":"S-1-5-21-3509477529-2169914037-1395257886-512","PrincipalType":"Group","RightName":"WriteDacl","IsInherited":false},{"PrincipalSID":"S-1-5-21-3509477529-2169914037-1395257886-512","PrincipalType":"Group","RightName":"WriteOwner","IsInherited":false},{"PrincipalSID":"S-1-5-21-3509477529-2169914037-1395257886-519","PrincipalType":"Group","RightName":"GenericAll","IsInherited":true},{"PrincipalSID":"S-1-5-21-3509477529-2169914037-1395257886-512","PrincipalType":"Group","RightName":"GenericAll","IsInherited":true}],"ObjectIdentifier":"FB5F1C98-D108-4D90-9D3D-49303E973D93","IsDeleted":false,"IsACLProtected":false,"Properties":{"domain":"OFFSEC.NL","name":"POLICYTEMPLATE@OFFSEC.NL","distinguishedname":"CN=POLICYTEMPLATE,CN=WMIPOLICY,CN=SYSTEM,DC=OFFSEC,DC=NL","domainsid":"S-1-5-21-3509477529-2169914037-1395257886"}},{"ChildObjects":[],"Aces":[{"PrincipalSID":"S-1-5-21-3509477529-2169914037-1395257886-512","PrincipalType":"Group","RightName":"Owns","IsInherited":false},{"PrincipalSID":"S-1-5-21-3509477529-2169914037-1395257886-512","PrincipalType":"Group","RightName":"GenericAll","IsInherited":false},{"PrincipalSID":"S-1-5-21-3509477529-2169914037-1395257886-519","PrincipalType":"Group","RightName":"GenericAll","IsInherited":false}],"ObjectIdentifier":"0E069043-DAAF-4CBA-8C2B-5F11A39F94A3","IsDeleted":false,"IsACLProtected":true,"Properties":{"domain":"OFFSEC.NL","name":"WMIPOLICY@OFFSEC.NL","distinguishedname":"CN=WMIPOLICY,CN=SYSTEM,DC=OFFSEC,DC=NL","domainsid":"S-1-5-21-3509477529-2169914037-1395257886"}},{"ChildObjects":[],"Aces":[{"PrincipalSID":"S-1-5-21-3509477529-2169914037-1395257886-512","PrincipalType":"Group","RightName":"Owns","IsInherited":false},{"PrincipalSID":"S-1-5-21-3509477529-2169914037-1395257886-512","PrincipalType":"Group","RightName":"WriteDacl","IsInherited":false},{"PrincipalSID":"S-1-5-21-3509477529-2169914037-1395257886-512","PrincipalType":"Group","RightName":"WriteOwner","IsInherited":false},{"PrincipalSID":"S-1-5-21-3509477529-2169914037-1395257886-519","PrincipalType":"Group","RightName":"GenericAll","IsInherited":true},{"PrincipalSID":"S-1-5-21-3509477529-2169914037-1395257886-4136","PrincipalType":"Computer","RightName":"GenericAll","IsInherited":true},{"PrincipalSID":"S-1-5-21-3509477529-2169914037-1395257886-4154","PrincipalType":"Computer","RightName":"GenericAll","IsInherited":true},{"PrincipalSID":"S-1-5-21-3509477529-2169914037-1395257886-1389","PrincipalType":"User","RightName":"GenericAll","IsInherited":true},{"PrincipalSID":"S-1-5-21-3509477529-2169914037-1395257886-3753","PrincipalType":"Group","RightName":"GenericAll","IsInherited":true},{"PrincipalSID":"S-1-5-21-3509477529-2169914037-1395257886-4044","PrincipalType":"Group","RightName":"GenericAll","IsInherited":true},{"PrincipalSID":"S-1-5-21-3509477529-2169914037-1395257886-3797","PrincipalType":"Group","RightName":"GenericAll","IsInherited":true},{"PrincipalSID":"S-1-5-21-3509477529-2169914037-1395257886-4090","PrincipalType":"Computer","RightName":"GenericAll","IsInherited":true},{"PrincipalSID":"S-1-5-21-3509477529-2169914037-1395257886-1532","PrincipalType":"User","RightName":"GenericAll","IsInherited":true},{"PrincipalSID":"OFFSEC.NL-S-1-5-32-544","PrincipalType":"Group","RightName":"WriteDacl","IsInherited":true},{"PrincipalSID":"OFFSEC.NL-S-1-5-32-544","PrincipalType":"Group","RightName":"WriteOwner","IsInherited":true}],"ObjectIdentifier":"999729D0-4FB3-48B5-9C1A-05D6B8D1EE5B","IsDeleted":false,"IsACLProtected":false,"Properties":{"domain":"OFFSEC.NL","name":"COMPARTITIONSETS@OFFSEC.NL","distinguishedname":"CN=COMPARTITIONSETS,CN=SYSTEM,DC=OFFSEC,DC=NL","domainsid":"S-1-5-21-3509477529-2169914037-1395257886"}},{"ChildObjects":[],"Aces":[{"PrincipalSID":"S-1-5-21-3509477529-2169914037-1395257886-512","PrincipalType":"Group","RightName":"Owns","IsInherited":false},{"PrincipalSID":"S-1-5-21-3509477529-2169914037-1395257886-512","PrincipalType":"Group","RightName":"WriteDacl","IsInherited":false},{"PrincipalSID":"S-1-5-21-3509477529-2169914037-1395257886-512","PrincipalType":"Group","RightName":"WriteOwner","IsInherited":false},{"PrincipalSID":"S-1-5-21-3509477529-2169914037-1395257886-519","PrincipalType":"Group","RightName":"GenericAll","IsInherited":true},{"PrincipalSID":"S-1-5-21-3509477529-2169914037-1395257886-4136","PrincipalType":"Computer","RightName":"GenericAll","IsInherited":true},{"PrincipalSID":"S-1-5-21-3509477529-2169914037-1395257886-4154","PrincipalType":"Computer","RightName":"GenericAll","IsInherited":true},{"PrincipalSID":"S-1-5-21-3509477529-2169914037-1395257886-1389","PrincipalType":"User","RightName":"GenericAll","IsInherited":true},{"PrincipalSID":"S-1-5-21-3509477529-2169914037-1395257886-3753","PrincipalType":"Group","RightName":"GenericAll","IsInherited":true},{"PrincipalSID":"S-1-5-21-3509477529-2169914037-1395257886-4044","PrincipalType":"Group","RightName":"GenericAll","IsInherited":true},{"PrincipalSID":"S-1-5-21-3509477529-2169914037-1395257886-3797","PrincipalType":"Group","RightName":"GenericAll","IsInherited":true},{"PrincipalSID":"S-1-5-21-3509477529-2169914037-1395257886-4090","PrincipalType":"Computer","RightName":"GenericAll","IsInherited":true},{"PrincipalSID":"S-1-5-21-3509477529-2169914037-1395257886-1532","PrincipalType":"User","RightName":"GenericAll","IsInherited":true},{"PrincipalSID":"OFFSEC.NL-S-1-5-32-544","PrincipalType":"Group","RightName":"WriteDacl","IsInherited":true},{"PrincipalSID":"OFFSEC.NL-S-1-5-32-544","PrincipalType":"Group","RightName":"WriteOwner","IsInherited":true}],"ObjectIdentifier":"35A76BFB-73CF-4005-A6F2-7F4C2F0C720C","IsDeleted":false,"IsACLProtected":false,"Properties":{"domain":"OFFSEC.NL","name":"COMPARTITIONS@OFFSEC.NL","distinguishedname":"CN=COMPARTITIONS,CN=SYSTEM,DC=OFFSEC,DC=NL","domainsid":"S-1-5-21-3509477529-2169914037-1395257886"}},{"ChildObjects":[],"Aces":[{"PrincipalSID":"S-1-5-21-3509477529-2169914037-1395257886-512","PrincipalType":"Group","RightName":"Owns","IsInherited":false},{"PrincipalSID":"OFFSEC.NL-S-1-5-32-544","PrincipalType":"Group","RightName":"WriteDacl","IsInherited":false},{"PrincipalSID":"OFFSEC.NL-S-1-5-32-544","PrincipalType":"Group","RightName":"WriteOwner","IsInherited":false},{"PrincipalSID":"S-1-5-21-3509477529-2169914037-1395257886-512","PrincipalType":"Group","RightName":"WriteDacl","IsInherited":false},{"PrincipalSID":"S-1-5-21-3509477529-2169914037-1395257886-512","PrincipalType":"Group","RightName":"WriteOwner","IsInherited":false},{"PrincipalSID":"S-1-5-21-3509477529-2169914037-1395257886-519","PrincipalType":"Group","RightName":"WriteDacl","IsInherited":false},{"PrincipalSID":"S-1-5-21-3509477529-2169914037-1395257886-519","PrincipalType":"Group","RightName":"WriteOwner","IsInherited":false}],"ObjectIdentifier":"45092D8D-1128-4D02-B632-5D944F18E81F","IsDeleted":false,"IsACLProtected":true,"Properties":{"domain":"OFFSEC.NL","name":"ADMINSDHOLDER@OFFSEC.NL","distinguishedname":"CN=ADMINSDHOLDER,CN=SYSTEM,DC=OFFSEC,DC=NL","domainsid":"S-1-5-21-3509477529-2169914037-1395257886"}},{"ChildObjects":[],"Aces":[{"PrincipalSID":"S-1-5-21-3509477529-2169914037-1395257886-512","PrincipalType":"Group","RightName":"Owns","IsInherited":false},{"PrincipalSID":"S-1-5-21-3509477529-2169914037-1395257886-512","PrincipalType":"Group","RightName":"GenericAll","IsInherited":false},{"PrincipalSID":"S-1-5-21-3509477529-2169914037-1395257886-519","PrincipalType":"Group","RightName":"GenericAll","IsInherited":true},{"PrincipalSID":"S-1-5-21-3509477529-2169914037-1395257886-4136","PrincipalType":"Computer","RightName":"GenericAll","IsInherited":true},{"PrincipalSID":"S-1-5-21-3509477529-2169914037-1395257886-4154","PrincipalType":"Computer","RightName":"GenericAll","IsInherited":true},{"PrincipalSID":"S-1-5-21-3509477529-2169914037-1395257886-1389","PrincipalType":"User","RightName":"GenericAll","IsInherited":true},{"PrincipalSID":"S-1-5-21-3509477529-2169914037-1395257886-3753","PrincipalType":"Group","RightName":"GenericAll","IsInherited":true},{"PrincipalSID":"S-1-5-21-3509477529-2169914037-1395257886-4044","PrincipalType":"Group","RightName":"GenericAll","IsInherited":true},{"PrincipalSID":"S-1-5-21-3509477529-2169914037-1395257886-3797","PrincipalType":"Group","RightName":"GenericAll","IsInherited":true},{"PrincipalSID":"S-1-5-21-3509477529-2169914037-1395257886-4090","PrincipalType":"Computer","RightName":"GenericAll","IsInherited":true},{"PrincipalSID":"S-1-5-21-3509477529-2169914037-1395257886-1532","PrincipalType":"User","RightName":"GenericAll","IsInherited":true},{"PrincipalSID":"OFFSEC.NL-S-1-5-32-544","PrincipalType":"Group","RightName":"WriteDacl","IsInherited":true},{"PrincipalSID":"OFFSEC.NL-S-1-5-32-544","PrincipalType":"Group","RightName":"WriteOwner","IsInherited":true}],"ObjectIdentifier":"FE5A5561-A3DA-411B-9EC3-10D6E2FF365C","IsDeleted":false,"IsACLProtected":false,"Properties":{"domain":"OFFSEC.NL","name":"MICROSOFT@OFFSEC.NL","distinguishedname":"CN=MICROSOFT,CN=PROGRAM DATA,DC=OFFSEC,DC=NL","domainsid":"S-1-5-21-3509477529-2169914037-1395257886"}},{"ChildObjects":[],"Aces":[{"PrincipalSID":"S-1-5-21-3509477529-2169914037-1395257886-512","PrincipalType":"Group","RightName":"Owns","IsInherited":false},{"PrincipalSID":"S-1-5-21-3509477529-2169914037-1395257886-512","PrincipalType":"Group","RightName":"GenericAll","IsInherited":false},{"PrincipalSID":"S-1-5-21-3509477529-2169914037-1395257886-519","PrincipalType":"Group","RightName":"GenericAll","IsInherited":true},{"PrincipalSID":"S-1-5-21-3509477529-2169914037-1395257886-4136","PrincipalType":"Computer","RightName":"GenericAll","IsInherited":true},{"PrincipalSID":"S-1-5-21-3509477529-2169914037-1395257886-4154","PrincipalType":"Computer","RightName":"GenericAll","IsInherited":true},{"PrincipalSID":"S-1-5-21-3509477529-2169914037-1395257886-1389","PrincipalType":"User","RightName":"GenericAll","IsInherited":true},{"PrincipalSID":"S-1-5-21-3509477529-2169914037-1395257886-3753","PrincipalType":"Group","RightName":"GenericAll","IsInherited":true},{"PrincipalSID":"S-1-5-21-3509477529-2169914037-1395257886-4044","PrincipalType":"Group","RightName":"GenericAll","IsInherited":true},{"PrincipalSID":"S-1-5-21-3509477529-2169914037-1395257886-3797","PrincipalType":"Group","RightName":"GenericAll","IsInherited":true},{"PrincipalSID":"S-1-5-21-3509477529-2169914037-1395257886-4090","PrincipalType":"Computer","RightName":"GenericAll","IsInherited":true},{"PrincipalSID":"S-1-5-21-3509477529-2169914037-1395257886-1532","PrincipalType":"User","RightName":"GenericAll","IsInherited":true},{"PrincipalSID":"OFFSEC.NL-S-1-5-32-544","PrincipalType":"Group","RightName":"WriteDacl","IsInherited":true},{"PrincipalSID":"OFFSEC.NL-S-1-5-32-544","PrincipalType":"Group","RightName":"WriteOwner","IsInherited":true}],"ObjectIdentifier":"C5EFA2FE-0D6D-4C68-8E8C-7C5E19458152","IsDeleted":false,"IsACLProtected":false,"Properties":{"domain":"OFFSEC.NL","name":"PROGRAM DATA@OFFSEC.NL","distinguishedname":"CN=PROGRAM DATA,DC=OFFSEC,DC=NL","domainsid":"S-1-5-21-3509477529-2169914037-1395257886"}},{"ChildObjects":[],"Aces":[{"PrincipalSID":"S-1-5-21-3509477529-2169914037-1395257886-512","PrincipalType":"Group","RightName":"Owns","IsInherited":false},{"PrincipalSID":"S-1-5-21-3509477529-2169914037-1395257886-512","PrincipalType":"Group","RightName":"GenericAll","IsInherited":false},{"PrincipalSID":"S-1-5-21-3509477529-2169914037-1395257886-519","PrincipalType":"Group","RightName":"GenericAll","IsInherited":true},{"PrincipalSID":"S-1-5-21-3509477529-2169914037-1395257886-4136","PrincipalType":"Computer","RightName":"GenericAll","IsInherited":true},{"PrincipalSID":"S-1-5-21-3509477529-2169914037-1395257886-4154","PrincipalType":"Computer","RightName":"GenericAll","IsInherited":true},{"PrincipalSID":"S-1-5-21-3509477529-2169914037-1395257886-1389","PrincipalType":"User","RightName":"GenericAll","IsInherited":true},{"PrincipalSID":"S-1-5-21-3509477529-2169914037-1395257886-3753","PrincipalType":"Group","RightName":"GenericAll","IsInherited":true},{"PrincipalSID":"S-1-5-21-3509477529-2169914037-1395257886-4044","PrincipalType":"Group","RightName":"GenericAll","IsInherited":true},{"PrincipalSID":"S-1-5-21-3509477529-2169914037-1395257886-3797","PrincipalType":"Group","RightName":"GenericAll","IsInherited":true},{"PrincipalSID":"S-1-5-21-3509477529-2169914037-1395257886-4090","PrincipalType":"Computer","RightName":"GenericAll","IsInherited":true},{"PrincipalSID":"S-1-5-21-3509477529-2169914037-1395257886-1532","PrincipalType":"User","RightName":"GenericAll","IsInherited":true},{"PrincipalSID":"OFFSEC.NL-S-1-5-32-544","PrincipalType":"Group","RightName":"WriteDacl","IsInherited":true},{"PrincipalSID":"OFFSEC.NL-S-1-5-32-544","PrincipalType":"Group","RightName":"WriteOwner","IsInherited":true}],"ObjectIdentifier":"5D0994D8-0585-492A-A66B-2832E25CA4A5","IsDeleted":false,"IsACLProtected":false,"Properties":{"domain":"OFFSEC.NL","name":"FOREIGNSECURITYPRINCIPALS@OFFSEC.NL","distinguishedname":"CN=FOREIGNSECURITYPRINCIPALS,DC=OFFSEC,DC=NL","domainsid":"S-1-5-21-3509477529-2169914037-1395257886"}},{"ChildObjects":[],"Aces":[{"PrincipalSID":"S-1-5-21-3509477529-2169914037-1395257886-512","PrincipalType":"Group","RightName":"Owns","IsInherited":false},{"PrincipalSID":"S-1-5-21-3509477529-2169914037-1395257886-512","PrincipalType":"Group","RightName":"WriteDacl","IsInherited":false},{"PrincipalSID":"S-1-5-21-3509477529-2169914037-1395257886-512","PrincipalType":"Group","RightName":"WriteOwner","IsInherited":false},{"PrincipalSID":"S-1-5-21-3509477529-2169914037-1395257886-519","PrincipalType":"Group","RightName":"GenericAll","IsInherited":true},{"PrincipalSID":"S-1-5-21-3509477529-2169914037-1395257886-4136","PrincipalType":"Computer","RightName":"GenericAll","IsInherited":true},{"PrincipalSID":"S-1-5-21-3509477529-2169914037-1395257886-4154","PrincipalType":"Computer","RightName":"GenericAll","IsInherited":true},{"PrincipalSID":"S-1-5-21-3509477529-2169914037-1395257886-1389","PrincipalType":"User","RightName":"GenericAll","IsInherited":true},{"PrincipalSID":"S-1-5-21-3509477529-2169914037-1395257886-3753","PrincipalType":"Group","RightName":"GenericAll","IsInherited":true},{"PrincipalSID":"S-1-5-21-3509477529-2169914037-1395257886-4044","PrincipalType":"Group","RightName":"GenericAll","IsInherited":true},{"PrincipalSID":"S-1-5-21-3509477529-2169914037-1395257886-3797","PrincipalType":"Group","RightName":"GenericAll","IsInherited":true},{"PrincipalSID":"S-1-5-21-3509477529-2169914037-1395257886-4090","PrincipalType":"Computer","RightName":"GenericAll","IsInherited":true},{"PrincipalSID":"S-1-5-21-3509477529-2169914037-1395257886-1532","PrincipalType":"User","RightName":"GenericAll","IsInherited":true},{"PrincipalSID":"OFFSEC.NL-S-1-5-32-544","PrincipalType":"Group","RightName":"WriteDacl","IsInherited":true},{"PrincipalSID":"OFFSEC.NL-S-1-5-32-544","PrincipalType":"Group","RightName":"WriteOwner","IsInherited":true}],"ObjectIdentifier":"E72F4A35-A987-496A-B1A1-A0CE9304EC78","IsDeleted":false,"IsACLProtected":false,"Properties":{"domain":"OFFSEC.NL","name":"SYSTEM@OFFSEC.NL","distinguishedname":"CN=SYSTEM,DC=OFFSEC,DC=NL","domainsid":"S-1-5-21-3509477529-2169914037-1395257886"}},{"ChildObjects":[],"Aces":[{"PrincipalSID":"S-1-5-21-3509477529-2169914037-1395257886-512","PrincipalType":"Group","RightName":"Owns","IsInherited":false},{"PrincipalSID":"S-1-5-21-3509477529-2169914037-1395257886-512","PrincipalType":"Group","RightName":"WriteDacl","IsInherited":false},{"PrincipalSID":"S-1-5-21-3509477529-2169914037-1395257886-512","PrincipalType":"Group","RightName":"WriteOwner","IsInherited":false},{"PrincipalSID":"S-1-5-21-3509477529-2169914037-1395257886-519","PrincipalType":"Group","RightName":"GenericAll","IsInherited":true},{"PrincipalSID":"S-1-5-21-3509477529-2169914037-1395257886-4136","PrincipalType":"Computer","RightName":"GenericAll","IsInherited":true},{"PrincipalSID":"S-1-5-21-3509477529-2169914037-1395257886-4154","PrincipalType":"Computer","RightName":"GenericAll","IsInherited":true},{"PrincipalSID":"S-1-5-21-3509477529-2169914037-1395257886-1389","PrincipalType":"User","RightName":"GenericAll","IsInherited":true},{"PrincipalSID":"S-1-5-21-3509477529-2169914037-1395257886-3753","PrincipalType":"Group","RightName":"GenericAll","IsInherited":true},{"PrincipalSID":"S-1-5-21-3509477529-2169914037-1395257886-4044","PrincipalType":"Group","RightName":"GenericAll","IsInherited":true},{"PrincipalSID":"S-1-5-21-3509477529-2169914037-1395257886-3797","PrincipalType":"Group","RightName":"GenericAll","IsInherited":true},{"PrincipalSID":"S-1-5-21-3509477529-2169914037-1395257886-4090","PrincipalType":"Computer","RightName":"GenericAll","IsInherited":true},{"PrincipalSID":"S-1-5-21-3509477529-2169914037-1395257886-1532","PrincipalType":"User","RightName":"GenericAll","IsInherited":true},{"PrincipalSID":"OFFSEC.NL-S-1-5-32-544","PrincipalType":"Group","RightName":"WriteDacl","IsInherited":true},{"PrincipalSID":"OFFSEC.NL-S-1-5-32-544","PrincipalType":"Group","RightName":"WriteOwner","IsInherited":true}],"ObjectIdentifier":"83C07636-1A3C-41D8-9659-C2DB8D3A4852","IsDeleted":false,"IsACLProtected":false,"Properties":{"domain":"OFFSEC.NL","name":"POLICIES@OFFSEC.NL","distinguishedname":"CN=POLICIES,CN=SYSTEM,DC=OFFSEC,DC=NL","domainsid":"S-1-5-21-3509477529-2169914037-1395257886"}},{"ChildObjects":[],"Aces":[{"PrincipalSID":"S-1-5-21-3509477529-2169914037-1395257886-512","PrincipalType":"Group","RightName":"Owns","IsInherited":false},{"PrincipalSID":"S-1-5-21-3509477529-2169914037-1395257886-512","PrincipalType":"Group","RightName":"WriteDacl","IsInherited":false},{"PrincipalSID":"S-1-5-21-3509477529-2169914037-1395257886-512","PrincipalType":"Group","RightName":"WriteOwner","IsInherited":false},{"PrincipalSID":"S-1-5-21-3509477529-2169914037-1395257886-519","PrincipalType":"Group","RightName":"GenericAll","IsInherited":true},{"PrincipalSID":"S-1-5-21-3509477529-2169914037-1395257886-4136","PrincipalType":"Computer","RightName":"GenericAll","IsInherited":true},{"PrincipalSID":"S-1-5-21-3509477529-2169914037-1395257886-4154","PrincipalType":"Computer","RightName":"GenericAll","IsInherited":true},{"PrincipalSID":"S-1-5-21-3509477529-2169914037-1395257886-1389","PrincipalType":"User","RightName":"GenericAll","IsInherited":true},{"PrincipalSID":"S-1-5-21-3509477529-2169914037-1395257886-3753","PrincipalType":"Group","RightName":"GenericAll","IsInherited":true},{"PrincipalSID":"S-1-5-21-3509477529-2169914037-1395257886-4044","PrincipalType":"Group","RightName":"GenericAll","IsInherited":true},{"PrincipalSID":"S-1-5-21-3509477529-2169914037-1395257886-3797","PrincipalType":"Group","RightName":"GenericAll","IsInherited":true},{"PrincipalSID":"S-1-5-21-3509477529-2169914037-1395257886-4090","PrincipalType":"Computer","RightName":"GenericAll","IsInherited":true},{"PrincipalSID":"S-1-5-21-3509477529-2169914037-1395257886-1532","PrincipalType":"User","RightName":"GenericAll","IsInherited":true},{"PrincipalSID":"OFFSEC.NL-S-1-5-32-544","PrincipalType":"Group","RightName":"WriteDacl","IsInherited":true},{"PrincipalSID":"OFFSEC.NL-S-1-5-32-544","PrincipalType":"Group","RightName":"WriteOwner","IsInherited":true}],"ObjectIdentifier":"25E2D508-FB5D-45D0-AA17-69602BFAB365","IsDeleted":false,"IsACLProtected":false,"Properties":{"domain":"OFFSEC.NL","name":"MEETINGS@OFFSEC.NL","distinguishedname":"CN=MEETINGS,CN=SYSTEM,DC=OFFSEC,DC=NL","domainsid":"S-1-5-21-3509477529-2169914037-1395257886"}},{"ChildObjects":[],"Aces":[{"PrincipalSID":"S-1-5-21-3509477529-2169914037-1395257886-512","PrincipalType":"Group","RightName":"Owns","IsInherited":false},{"PrincipalSID":"S-1-5-21-3509477529-2169914037-1395257886-512","PrincipalType":"Group","RightName":"WriteDacl","IsInherited":false},{"PrincipalSID":"S-1-5-21-3509477529-2169914037-1395257886-512","PrincipalType":"Group","RightName":"WriteOwner","IsInherited":false},{"PrincipalSID":"S-1-5-21-3509477529-2169914037-1395257886-519","PrincipalType":"Group","RightName":"GenericAll","IsInherited":true},{"PrincipalSID":"S-1-5-21-3509477529-2169914037-1395257886-4136","PrincipalType":"Computer","RightName":"GenericAll","IsInherited":true},{"PrincipalSID":"S-1-5-21-3509477529-2169914037-1395257886-4154","PrincipalType":"Computer","RightName":"GenericAll","IsInherited":true},{"PrincipalSID":"S-1-5-21-3509477529-2169914037-1395257886-1389","PrincipalType":"User","RightName":"GenericAll","IsInherited":true},{"PrincipalSID":"S-1-5-21-3509477529-2169914037-1395257886-3753","PrincipalType":"Group","RightName":"GenericAll","IsInherited":true},{"PrincipalSID":"S-1-5-21-3509477529-2169914037-1395257886-4044","PrincipalType":"Group","RightName":"GenericAll","IsInherited":true},{"PrincipalSID":"S-1-5-21-3509477529-2169914037-1395257886-3797","PrincipalType":"Group","RightName":"GenericAll","IsInherited":true},{"PrincipalSID":"S-1-5-21-3509477529-2169914037-1395257886-4090","PrincipalType":"Computer","RightName":"GenericAll","IsInherited":true},{"PrincipalSID":"S-1-5-21-3509477529-2169914037-1395257886-1532","PrincipalType":"User","RightName":"GenericAll","IsInherited":true},{"PrincipalSID":"OFFSEC.NL-S-1-5-32-544","PrincipalType":"Group","RightName":"WriteDacl","IsInherited":true},{"PrincipalSID":"OFFSEC.NL-S-1-5-32-544","PrincipalType":"Group","RightName":"WriteOwner","IsInherited":true}],"ObjectIdentifier":"AA6BCAAB-C948-414A-AC80-44F5E4098406","IsDeleted":false,"IsACLProtected":false,"Properties":{"domain":"OFFSEC.NL","name":"WINSOCKSERVICES@OFFSEC.NL","distinguishedname":"CN=WINSOCKSERVICES,CN=SYSTEM,DC=OFFSEC,DC=NL","domainsid":"S-1-5-21-3509477529-2169914037-1395257886"}},{"ChildObjects":[],"Aces":[{"PrincipalSID":"S-1-5-21-3509477529-2169914037-1395257886-512","PrincipalType":"Group","RightName":"Owns","IsInherited":false},{"PrincipalSID":"OFFSEC.NL-S-1-5-9","PrincipalType":"Group","RightName":"GenericAll","IsInherited":false},{"PrincipalSID":"S-1-5-21-3509477529-2169914037-1395257886-512","PrincipalType":"Group","RightName":"GenericAll","IsInherited":false},{"PrincipalSID":"S-1-5-21-3509477529-2169914037-1395257886-516","PrincipalType":"Group","RightName":"GenericAll","IsInherited":false},{"PrincipalSID":"S-1-5-21-3509477529-2169914037-1395257886-519","PrincipalType":"Group","RightName":"GenericAll","IsInherited":false},{"PrincipalSID":"S-1-5-21-3509477529-2169914037-1395257886-526","PrincipalType":"Group","RightName":"GenericAll","IsInherited":false},{"PrincipalSID":"S-1-5-21-3509477529-2169914037-1395257886-527","PrincipalType":"Group","RightName":"GenericAll","IsInherited":false}],"ObjectIdentifier":"B2353C8C-FB3D-4175-A714-42D063A0A30E","IsDeleted":false,"IsACLProtected":true,"Properties":{"domain":"OFFSEC.NL","name":"KEYS@OFFSEC.NL","distinguishedname":"CN=KEYS,DC=OFFSEC,DC=NL","domainsid":"S-1-5-21-3509477529-2169914037-1395257886"}},{"ChildObjects":[],"Aces":[{"PrincipalSID":"S-1-5-21-3509477529-2169914037-1395257886-512","PrincipalType":"Group","RightName":"Owns","IsInherited":false},{"PrincipalSID":"S-1-5-21-3509477529-2169914037-1395257886-512","PrincipalType":"Group","RightName":"WriteDacl","IsInherited":false},{"PrincipalSID":"S-1-5-21-3509477529-2169914037-1395257886-512","PrincipalType":"Group","RightName":"WriteOwner","IsInherited":false},{"PrincipalSID":"S-1-5-21-3509477529-2169914037-1395257886-519","PrincipalType":"Group","RightName":"GenericAll","IsInherited":true},{"PrincipalSID":"S-1-5-21-3509477529-2169914037-1395257886-4136","PrincipalType":"Computer","RightName":"GenericAll","IsInherited":true},{"PrincipalSID":"S-1-5-21-3509477529-2169914037-1395257886-4154","PrincipalType":"Computer","RightName":"GenericAll","IsInherited":true},{"PrincipalSID":"S-1-5-21-3509477529-2169914037-1395257886-1389","PrincipalType":"User","RightName":"GenericAll","IsInherited":true},{"PrincipalSID":"S-1-5-21-3509477529-2169914037-1395257886-3753","PrincipalType":"Group","RightName":"GenericAll","IsInherited":true},{"PrincipalSID":"S-1-5-21-3509477529-2169914037-1395257886-4044","PrincipalType":"Group","RightName":"GenericAll","IsInherited":true},{"PrincipalSID":"S-1-5-21-3509477529-2169914037-1395257886-3797","PrincipalType":"Group","RightName":"GenericAll","IsInherited":true},{"PrincipalSID":"S-1-5-21-3509477529-2169914037-1395257886-4090","PrincipalType":"Computer","RightName":"GenericAll","IsInherited":true},{"PrincipalSID":"S-1-5-21-3509477529-2169914037-1395257886-1532","PrincipalType":"User","RightName":"GenericAll","IsInherited":true},{"PrincipalSID":"OFFSEC.NL-S-1-5-32-544","PrincipalType":"Group","RightName":"WriteDacl","IsInherited":true},{"PrincipalSID":"OFFSEC.NL-S-1-5-32-544","PrincipalType":"Group","RightName":"WriteOwner","IsInherited":true}],"ObjectIdentifier":"869B83D0-DAF8-4E53-93E6-505D3B90356E","IsDeleted":false,"IsACLProtected":false,"Properties":{"domain":"OFFSEC.NL","name":"MANAGED SERVICE ACCOUNTS@OFFSEC.NL","distinguishedname":"CN=MANAGED SERVICE ACCOUNTS,DC=OFFSEC,DC=NL","domainsid":"S-1-5-21-3509477529-2169914037-1395257886"}},{"ChildObjects":[],"Aces":[{"PrincipalSID":"S-1-5-21-3509477529-2169914037-1395257886-512","PrincipalType":"Group","RightName":"Owns","IsInherited":false},{"PrincipalSID":"S-1-5-21-3509477529-2169914037-1395257886-512","PrincipalType":"Group","RightName":"WriteDacl","IsInherited":false},{"PrincipalSID":"S-1-5-21-3509477529-2169914037-1395257886-512","PrincipalType":"Group","RightName":"WriteOwner","IsInherited":false},{"PrincipalSID":"S-1-5-21-3509477529-2169914037-1395257886-519","PrincipalType":"Group","RightName":"GenericAll","IsInherited":true},{"PrincipalSID":"S-1-5-21-3509477529-2169914037-1395257886-4136","PrincipalType":"Computer","RightName":"GenericAll","IsInherited":true},{"PrincipalSID":"S-1-5-21-3509477529-2169914037-1395257886-4154","PrincipalType":"Computer","RightName":"GenericAll","IsInherited":true},{"PrincipalSID":"S-1-5-21-3509477529-2169914037-1395257886-1389","PrincipalType":"User","RightName":"GenericAll","IsInherited":true},{"PrincipalSID":"S-1-5-21-3509477529-2169914037-1395257886-3753","PrincipalType":"Group","RightName":"GenericAll","IsInherited":true},{"PrincipalSID":"S-1-5-21-3509477529-2169914037-1395257886-4044","PrincipalType":"Group","RightName":"GenericAll","IsInherited":true},{"PrincipalSID":"S-1-5-21-3509477529-2169914037-1395257886-3797","PrincipalType":"Group","RightName":"GenericAll","IsInherited":true},{"PrincipalSID":"S-1-5-21-3509477529-2169914037-1395257886-4090","PrincipalType":"Computer","RightName":"GenericAll","IsInherited":true},{"PrincipalSID":"S-1-5-21-3509477529-2169914037-1395257886-1532","PrincipalType":"User","RightName":"GenericAll","IsInherited":true},{"PrincipalSID":"OFFSEC.NL-S-1-5-32-544","PrincipalType":"Group","RightName":"WriteDacl","IsInherited":true},{"PrincipalSID":"OFFSEC.NL-S-1-5-32-544","PrincipalType":"Group","RightName":"WriteOwner","IsInherited":true}],"ObjectIdentifier":"D3CA0000-94FA-4BED-B7CD-328AF93AC210","IsDeleted":false,"IsACLProtected":false,"Properties":{"domain":"OFFSEC.NL","name":"RPCSERVICES@OFFSEC.NL","distinguishedname":"CN=RPCSERVICES,CN=SYSTEM,DC=OFFSEC,DC=NL","domainsid":"S-1-5-21-3509477529-2169914037-1395257886"}},{"ChildObjects":[],"Aces":[{"PrincipalSID":"S-1-5-21-3509477529-2169914037-1395257886-512","PrincipalType":"Group","RightName":"Owns","IsInherited":false},{"PrincipalSID":"S-1-5-21-3509477529-2169914037-1395257886-512","PrincipalType":"Group","RightName":"GenericAll","IsInherited":false},{"PrincipalSID":"S-1-5-21-3509477529-2169914037-1395257886-519","PrincipalType":"Group","RightName":"GenericAll","IsInherited":false}],"ObjectIdentifier":"188E7A99-8F6D-4B2E-AC34-532861206A1B","IsDeleted":false,"IsACLProtected":true,"Properties":{"domain":"OFFSEC.NL","name":"SOM@OFFSEC.NL","distinguishedname":"CN=SOM,CN=WMIPOLICY,CN=SYSTEM,DC=OFFSEC,DC=NL","domainsid":"S-1-5-21-3509477529-2169914037-1395257886"}},{"ChildObjects":[],"Aces":[{"PrincipalSID":"S-1-5-21-3509477529-2169914037-1395257886-512","PrincipalType":"Group","RightName":"Owns","IsInherited":false},{"PrincipalSID":"S-1-5-21-3509477529-2169914037-1395257886-512","PrincipalType":"Group","RightName":"WriteDacl","IsInherited":false},{"PrincipalSID":"S-1-5-21-3509477529-2169914037-1395257886-512","PrincipalType":"Group","RightName":"WriteOwner","IsInherited":false},{"PrincipalSID":"S-1-5-21-3509477529-2169914037-1395257886-519","PrincipalType":"Group","RightName":"GenericAll","IsInherited":true},{"PrincipalSID":"S-1-5-21-3509477529-2169914037-1395257886-512","PrincipalType":"Group","RightName":"GenericAll","IsInherited":true}],"ObjectIdentifier":"9019B5D8-48CD-430F-8648-D388786463DF","IsDeleted":false,"IsACLProtected":false,"Properties":{"domain":"OFFSEC.NL","name":"POLICYTYPE@OFFSEC.NL","distinguishedname":"CN=POLICYTYPE,CN=WMIPOLICY,CN=SYSTEM,DC=OFFSEC,DC=NL","domainsid":"S-1-5-21-3509477529-2169914037-1395257886"}},{"ChildObjects":[],"Aces":[{"PrincipalSID":"S-1-5-21-3509477529-2169914037-1395257886-512","PrincipalType":"Group","RightName":"Owns","IsInherited":false},{"PrincipalSID":"S-1-5-21-3509477529-2169914037-1395257886-512","PrincipalType":"Group","RightName":"WriteDacl","IsInherited":false},{"PrincipalSID":"S-1-5-21-3509477529-2169914037-1395257886-512","PrincipalType":"Group","RightName":"WriteOwner","IsInherited":false},{"PrincipalSID":"S-1-5-21-3509477529-2169914037-1395257886-519","PrincipalType":"Group","RightName":"GenericAll","IsInherited":true},{"PrincipalSID":"S-1-5-21-3509477529-2169914037-1395257886-512","PrincipalType":"Group","RightName":"GenericAll","IsInherited":true}],"ObjectIdentifier":"DFF6D11E-6E7A-4A7B-A068-307926C484F9","IsDeleted":false,"IsACLProtected":false,"Properties":{"domain":"OFFSEC.NL","name":"WMIGPO@OFFSEC.NL","distinguishedname":"CN=WMIGPO,CN=WMIPOLICY,CN=SYSTEM,DC=OFFSEC,DC=NL","domainsid":"S-1-5-21-3509477529-2169914037-1395257886"}},{"ChildObjects":[],"Aces":[{"PrincipalSID":"S-1-5-21-3509477529-2169914037-1395257886-512","PrincipalType":"Group","RightName":"Owns","IsInherited":false},{"PrincipalSID":"S-1-5-21-3509477529-2169914037-1395257886-512","PrincipalType":"Group","RightName":"GenericAll","IsInherited":false},{"PrincipalSID":"S-1-5-21-3509477529-2169914037-1395257886-519","PrincipalType":"Group","RightName":"GenericAll","IsInherited":true},{"PrincipalSID":"S-1-5-21-3509477529-2169914037-1395257886-4136","PrincipalType":"Computer","RightName":"GenericAll","IsInherited":true},{"PrincipalSID":"S-1-5-21-3509477529-2169914037-1395257886-4154","PrincipalType":"Computer","RightName":"GenericAll","IsInherited":true},{"PrincipalSID":"S-1-5-21-3509477529-2169914037-1395257886-1389","PrincipalType":"User","RightName":"GenericAll","IsInherited":true},{"PrincipalSID":"S-1-5-21-3509477529-2169914037-1395257886-3753","PrincipalType":"Group","RightName":"GenericAll","IsInherited":true},{"PrincipalSID":"S-1-5-21-3509477529-2169914037-1395257886-4044","PrincipalType":"Group","RightName":"GenericAll","IsInherited":true},{"PrincipalSID":"S-1-5-21-3509477529-2169914037-1395257886-3797","PrincipalType":"Group","RightName":"GenericAll","IsInherited":true},{"PrincipalSID":"S-1-5-21-3509477529-2169914037-1395257886-4090","PrincipalType":"Computer","RightName":"GenericAll","IsInherited":true},{"PrincipalSID":"S-1-5-21-3509477529-2169914037-1395257886-1532","PrincipalType":"User","RightName":"GenericAll","IsInherited":true},{"PrincipalSID":"OFFSEC.NL-S-1-5-32-544","PrincipalType":"Group","RightName":"WriteDacl","IsInherited":true},{"PrincipalSID":"OFFSEC.NL-S-1-5-32-544","PrincipalType":"Group","RightName":"WriteOwner","IsInherited":true}],"ObjectIdentifier":"C2D02385-DC57-4170-9F1E-3BDBA9C4A376","IsDeleted":false,"IsACLProtected":false,"Properties":{"domain":"OFFSEC.NL","name":"PSPS@OFFSEC.NL","distinguishedname":"CN=PSPS,CN=SYSTEM,DC=OFFSEC,DC=NL","domainsid":"S-1-5-21-3509477529-2169914037-1395257886"}},{"ChildObjects":[],"Aces":[{"PrincipalSID":"S-1-5-21-3509477529-2169914037-1395257886-512","PrincipalType":"Group","RightName":"Owns","IsInherited":false},{"PrincipalSID":"S-1-5-21-3509477529-2169914037-1395257886-553","PrincipalType":"Group","RightName":"WriteDacl","IsInherited":false},{"PrincipalSID":"S-1-5-21-3509477529-2169914037-1395257886-553","PrincipalType":"Group","RightName":"WriteOwner","IsInherited":false},{"PrincipalSID":"S-1-5-21-3509477529-2169914037-1395257886-519","PrincipalType":"Group","RightName":"GenericAll","IsInherited":true},{"PrincipalSID":"S-1-5-21-3509477529-2169914037-1395257886-4136","PrincipalType":"Computer","RightName":"GenericAll","IsInherited":true},{"PrincipalSID":"S-1-5-21-3509477529-2169914037-1395257886-4154","PrincipalType":"Computer","RightName":"GenericAll","IsInherited":true},{"PrincipalSID":"S-1-5-21-3509477529-2169914037-1395257886-1389","PrincipalType":"User","RightName":"GenericAll","IsInherited":true},{"PrincipalSID":"S-1-5-21-3509477529-2169914037-1395257886-3753","PrincipalType":"Group","RightName":"GenericAll","IsInherited":true},{"PrincipalSID":"S-1-5-21-3509477529-2169914037-1395257886-4044","PrincipalType":"Group","RightName":"GenericAll","IsInherited":true},{"PrincipalSID":"S-1-5-21-3509477529-2169914037-1395257886-3797","PrincipalType":"Group","RightName":"GenericAll","IsInherited":true},{"PrincipalSID":"S-1-5-21-3509477529-2169914037-1395257886-4090","PrincipalType":"Computer","RightName":"GenericAll","IsInherited":true},{"PrincipalSID":"S-1-5-21-3509477529-2169914037-1395257886-1532","PrincipalType":"User","RightName":"GenericAll","IsInherited":true},{"PrincipalSID":"OFFSEC.NL-S-1-5-32-544","PrincipalType":"Group","RightName":"WriteDacl","IsInherited":true},{"PrincipalSID":"OFFSEC.NL-S-1-5-32-544","PrincipalType":"Group","RightName":"WriteOwner","IsInherited":true}],"ObjectIdentifier":"0CC68C32-DE38-4413-B206-BDD61664EE14","IsDeleted":false,"IsACLProtected":false,"Properties":{"domain":"OFFSEC.NL","name":"RAS AND IAS SERVERS ACCESS CHECK@OFFSEC.NL","distinguishedname":"CN=RAS AND IAS SERVERS ACCESS CHECK,CN=SYSTEM,DC=OFFSEC,DC=NL","domainsid":"S-1-5-21-3509477529-2169914037-1395257886"}},{"ChildObjects":[],"Aces":[{"PrincipalSID":"OFFSEC.NL-S-1-5-9","PrincipalType":"Group","RightName":"WriteDacl","IsInherited":false},{"PrincipalSID":"OFFSEC.NL-S-1-5-9","PrincipalType":"Group","RightName":"WriteOwner","IsInherited":false},{"PrincipalSID":"S-1-5-21-3509477529-2169914037-1395257886-512","PrincipalType":"Group","RightName":"GenericAll","IsInherited":false},{"PrincipalSID":"S-1-5-21-3509477529-2169914037-1395257886-1101","PrincipalType":"Group","RightName":"WriteDacl","IsInherited":false},{"PrincipalSID":"S-1-5-21-3509477529-2169914037-1395257886-1101","PrincipalType":"Group","RightName":"WriteOwner","IsInherited":false},{"PrincipalSID":"S-1-5-21-3509477529-2169914037-1395257886-519","PrincipalType":"Group","RightName":"GenericAll","IsInherited":true},{"PrincipalSID":"S-1-5-21-3509477529-2169914037-1395257886-4136","PrincipalType":"Computer","RightName":"GenericAll","IsInherited":true},{"PrincipalSID":"S-1-5-21-3509477529-2169914037-1395257886-4154","PrincipalType":"Computer","RightName":"GenericAll","IsInherited":true},{"PrincipalSID":"S-1-5-21-3509477529-2169914037-1395257886-1389","PrincipalType":"User","RightName":"GenericAll","IsInherited":true},{"PrincipalSID":"S-1-5-21-3509477529-2169914037-1395257886-3753","PrincipalType":"Group","RightName":"GenericAll","IsInherited":true},{"PrincipalSID":"S-1-5-21-3509477529-2169914037-1395257886-4044","PrincipalType":"Group","RightName":"GenericAll","IsInherited":true},{"PrincipalSID":"S-1-5-21-3509477529-2169914037-1395257886-3797","PrincipalType":"Group","RightName":"GenericAll","IsInherited":true},{"PrincipalSID":"S-1-5-21-3509477529-2169914037-1395257886-4090","PrincipalType":"Computer","RightName":"GenericAll","IsInherited":true},{"PrincipalSID":"S-1-5-21-3509477529-2169914037-1395257886-1532","PrincipalType":"User","RightName":"GenericAll","IsInherited":true},{"PrincipalSID":"OFFSEC.NL-S-1-5-32-544","PrincipalType":"Group","RightName":"WriteDacl","IsInherited":true},{"PrincipalSID":"OFFSEC.NL-S-1-5-32-544","PrincipalType":"Group","RightName":"WriteOwner","IsInherited":true}],"ObjectIdentifier":"953D6B05-F39D-4408-9928-0B0E6A02266F","IsDeleted":false,"IsACLProtected":false,"Properties":{"domain":"OFFSEC.NL","name":"MICROSOFTDNS@OFFSEC.NL","distinguishedname":"CN=MICROSOFTDNS,CN=SYSTEM,DC=OFFSEC,DC=NL","domainsid":"S-1-5-21-3509477529-2169914037-1395257886"}},{"ChildObjects":[{"ObjectIdentifier":"S-1-5-21-3509477529-2169914037-1395257886-4601","ObjectType":"Computer"},{"ObjectIdentifier":"S-1-5-21-3509477529-2169914037-1395257886-4602","ObjectType":"Computer"}],"Aces":[{"PrincipalSID":"S-1-5-21-3509477529-2169914037-1395257886-512","PrincipalType":"Group","RightName":"Owns","IsInherited":false},{"PrincipalSID":"S-1-5-21-3509477529-2169914037-1395257886-512","PrincipalType":"Group","RightName":"WriteDacl","IsInherited":false},{"PrincipalSID":"S-1-5-21-3509477529-2169914037-1395257886-512","PrincipalType":"Group","RightName":"WriteOwner","IsInherited":false},{"PrincipalSID":"S-1-5-21-3509477529-2169914037-1395257886-519","PrincipalType":"Group","RightName":"GenericAll","IsInherited":true},{"PrincipalSID":"S-1-5-21-3509477529-2169914037-1395257886-4136","PrincipalType":"Computer","RightName":"GenericAll","IsInherited":true},{"PrincipalSID":"S-1-5-21-3509477529-2169914037-1395257886-4154","PrincipalType":"Computer","RightName":"GenericAll","IsInherited":true},{"PrincipalSID":"S-1-5-21-3509477529-2169914037-1395257886-1389","PrincipalType":"User","RightName":"GenericAll","IsInherited":true},{"PrincipalSID":"S-1-5-21-3509477529-2169914037-1395257886-3753","PrincipalType":"Group","RightName":"GenericAll","IsInherited":true},{"PrincipalSID":"S-1-5-21-3509477529-2169914037-1395257886-4044","PrincipalType":"Group","RightName":"GenericAll","IsInherited":true},{"PrincipalSID":"S-1-5-21-3509477529-2169914037-1395257886-3797","PrincipalType":"Group","RightName":"GenericAll","IsInherited":true},{"PrincipalSID":"S-1-5-21-3509477529-2169914037-1395257886-4090","PrincipalType":"Computer","RightName":"GenericAll","IsInherited":true},{"PrincipalSID":"S-1-5-21-3509477529-2169914037-1395257886-1532","PrincipalType":"User","RightName":"GenericAll","IsInherited":true},{"PrincipalSID":"OFFSEC.NL-S-1-5-32-544","PrincipalType":"Group","RightName":"WriteDacl","IsInherited":true},{"PrincipalSID":"OFFSEC.NL-S-1-5-32-544","PrincipalType":"Group","RightName":"WriteOwner","IsInherited":true}],"ObjectIdentifier":"10AB98B8-015B-413E-9E26-A31680AC3E9B","IsDeleted":false,"IsACLProtected":false,"Properties":{"domain":"OFFSEC.NL","name":"COMPUTERS@OFFSEC.NL","distinguishedname":"CN=COMPUTERS,DC=OFFSEC,DC=NL","domainsid":"S-1-5-21-3509477529-2169914037-1395257886"}},{"ChildObjects":[{"ObjectIdentifier":"S-1-5-21-3509477529-2169914037-1395257886-500","ObjectType":"User"},{"ObjectIdentifier":"S-1-5-21-3509477529-2169914037-1395257886-571","ObjectType":"Group"},{"ObjectIdentifier":"S-1-5-21-3509477529-2169914037-1395257886-517","ObjectType":"Group"},{"ObjectIdentifier":"S-1-5-21-3509477529-2169914037-1395257886-522","ObjectType":"Group"},{"ObjectIdentifier":"S-1-5-21-3509477529-2169914037-1395257886-572","ObjectType":"Group"},{"ObjectIdentifier":"S-1-5-21-3509477529-2169914037-1395257886-1101","ObjectType":"Group"},{"ObjectIdentifier":"S-1-5-21-3509477529-2169914037-1395257886-1102","ObjectType":"Group"},{"ObjectIdentifier":"S-1-5-21-3509477529-2169914037-1395257886-512","ObjectType":"Group"},{"ObjectIdentifier":"S-1-5-21-3509477529-2169914037-1395257886-515","ObjectType":"Group"},{"ObjectIdentifier":"S-1-5-21-3509477529-2169914037-1395257886-516","ObjectType":"Group"},{"ObjectIdentifier":"S-1-5-21-3509477529-2169914037-1395257886-514","ObjectType":"Group"},{"ObjectIdentifier":"S-1-5-21-3509477529-2169914037-1395257886-513","ObjectType":"Group"},{"ObjectIdentifier":"S-1-5-21-3509477529-2169914037-1395257886-519","ObjectType":"Group"},{"ObjectIdentifier":"S-1-5-21-3509477529-2169914037-1395257886-527","ObjectType":"Group"},{"ObjectIdentifier":"S-1-5-21-3509477529-2169914037-1395257886-498","ObjectType":"Group"},{"ObjectIdentifier":"S-1-5-21-3509477529-2169914037-1395257886-520","ObjectType":"Group"},{"ObjectIdentifier":"S-1-5-21-3509477529-2169914037-1395257886-501","ObjectType":"User"},{"ObjectIdentifier":"S-1-5-21-3509477529-2169914037-1395257886-526","ObjectType":"Group"},{"ObjectIdentifier":"S-1-5-21-3509477529-2169914037-1395257886-502","ObjectType":"User"},{"ObjectIdentifier":"S-1-5-21-3509477529-2169914037-1395257886-525","ObjectType":"Group"},{"ObjectIdentifier":"S-1-5-21-3509477529-2169914037-1395257886-553","ObjectType":"Group"},{"ObjectIdentifier":"S-1-5-21-3509477529-2169914037-1395257886-521","ObjectType":"Group"},{"ObjectIdentifier":"S-1-5-21-3509477529-2169914037-1395257886-518","ObjectType":"Group"}],"Aces":[{"PrincipalSID":"S-1-5-21-3509477529-2169914037-1395257886-512","PrincipalType":"Group","RightName":"Owns","IsInherited":false},{"PrincipalSID":"S-1-5-21-3509477529-2169914037-1395257886-512","PrincipalType":"Group","RightName":"WriteDacl","IsInherited":false},{"PrincipalSID":"S-1-5-21-3509477529-2169914037-1395257886-512","PrincipalType":"Group","RightName":"WriteOwner","IsInherited":false},{"PrincipalSID":"S-1-5-21-3509477529-2169914037-1395257886-519","PrincipalType":"Group","RightName":"GenericAll","IsInherited":true},{"PrincipalSID":"S-1-5-21-3509477529-2169914037-1395257886-4136","PrincipalType":"Computer","RightName":"GenericAll","IsInherited":true},{"PrincipalSID":"S-1-5-21-3509477529-2169914037-1395257886-4154","PrincipalType":"Computer","RightName":"GenericAll","IsInherited":true},{"PrincipalSID":"S-1-5-21-3509477529-2169914037-1395257886-1389","PrincipalType":"User","RightName":"GenericAll","IsInherited":true},{"PrincipalSID":"S-1-5-21-3509477529-2169914037-1395257886-3753","PrincipalType":"Group","RightName":"GenericAll","IsInherited":true},{"PrincipalSID":"S-1-5-21-3509477529-2169914037-1395257886-4044","PrincipalType":"Group","RightName":"GenericAll","IsInherited":true},{"PrincipalSID":"S-1-5-21-3509477529-2169914037-1395257886-3797","PrincipalType":"Group","RightName":"GenericAll","IsInherited":true},{"PrincipalSID":"S-1-5-21-3509477529-2169914037-1395257886-4090","PrincipalType":"Computer","RightName":"GenericAll","IsInherited":true},{"PrincipalSID":"S-1-5-21-3509477529-2169914037-1395257886-1532","PrincipalType":"User","RightName":"GenericAll","IsInherited":true},{"PrincipalSID":"OFFSEC.NL-S-1-5-32-544","PrincipalType":"Group","RightName":"WriteDacl","IsInherited":true},{"PrincipalSID":"OFFSEC.NL-S-1-5-32-544","PrincipalType":"Group","RightName":"WriteOwner","IsInherited":true}],"ObjectIdentifier":"0DD547AA-3A12-42CE-B152-5BCFD8022C4D","IsDeleted":false,"IsACLProtected":false,"Properties":{"domain":"OFFSEC.NL","name":"USERS@OFFSEC.NL","distinguishedname":"CN=USERS,DC=OFFSEC,DC=NL","domainsid":"S-1-5-21-3509477529-2169914037-1395257886"}}],"meta":{"methods":29695,"type":"containers","count":24,"version":4}}