﻿{"data":[{"Aces":[{"PrincipalSID":"S-1-5-21-3509477529-2169914037-1395257886-512","PrincipalType":"Group","RightName":"Owns","IsInherited":false},{"PrincipalSID":"S-1-5-21-3509477529-2169914037-1395257886-512","PrincipalType":"Group","RightName":"WriteDacl","IsInherited":false},{"PrincipalSID":"S-1-5-21-3509477529-2169914037-1395257886-512","PrincipalType":"Group","RightName":"WriteOwner","IsInherited":false},{"PrincipalSID":"S-1-5-21-3509477529-2169914037-1395257886-512","PrincipalType":"Group","RightName":"GenericWrite","IsInherited":false},{"PrincipalSID":"S-1-5-21-3509477529-2169914037-1395257886-512","PrincipalType":"Group","RightName":"WriteDacl","IsInherited":false},{"PrincipalSID":"S-1-5-21-3509477529-2169914037-1395257886-512","PrincipalType":"Group","RightName":"WriteOwner","IsInherited":false},{"PrincipalSID":"S-1-5-21-3509477529-2169914037-1395257886-512","PrincipalType":"Group","RightName":"GenericWrite","IsInherited":false},{"PrincipalSID":"S-1-5-21-3509477529-2169914037-1395257886-519","PrincipalType":"Group","RightName":"WriteDacl","IsInherited":false},{"PrincipalSID":"S-1-5-21-3509477529-2169914037-1395257886-519","PrincipalType":"Group","RightName":"WriteOwner","IsInherited":false},{"PrincipalSID":"S-1-5-21-3509477529-2169914037-1395257886-519","PrincipalType":"Group","RightName":"GenericWrite","IsInherited":false}],"ObjectIdentifier":"D889D7AA-BFD3-4947-A206-EE5C9968E152","IsDeleted":false,"IsACLProtected":true,"Properties":{"domain":"OFFSEC.NL","name":"DEFAULT DOMAIN CONTROLLERS POLICY@OFFSEC.NL","distinguishedname":"CN={6AC1786C-016F-11D2-945F-00C04FB984F9},CN=POLICIES,CN=SYSTEM,DC=OFFSEC,DC=NL","domainsid":"S-1-5-21-3509477529-2169914037-1395257886","description":null,"whencreated":1644053650,"gpcpath":"\\\\OFFSEC.NL\\SYSVOL\\OFFSEC.NL\\POLICIES\\{6AC1786C-016F-11D2-945F-00C04FB984F9}"}},{"Aces":[{"PrincipalSID":"S-1-5-21-3509477529-2169914037-1395257886-512","PrincipalType":"Group","RightName":"Owns","IsInherited":false},{"PrincipalSID":"S-1-5-21-3509477529-2169914037-1395257886-512","PrincipalType":"Group","RightName":"WriteDacl","IsInherited":false},{"PrincipalSID":"S-1-5-21-3509477529-2169914037-1395257886-512","PrincipalType":"Group","RightName":"WriteOwner","IsInherited":false},{"PrincipalSID":"S-1-5-21-3509477529-2169914037-1395257886-512","PrincipalType":"Group","RightName":"GenericWrite","IsInherited":false},{"PrincipalSID":"S-1-5-21-3509477529-2169914037-1395257886-512","PrincipalType":"Group","RightName":"WriteDacl","IsInherited":false},{"PrincipalSID":"S-1-5-21-3509477529-2169914037-1395257886-512","PrincipalType":"Group","RightName":"WriteOwner","IsInherited":false},{"PrincipalSID":"S-1-5-21-3509477529-2169914037-1395257886-512","PrincipalType":"Group","RightName":"GenericWrite","IsInherited":false},{"PrincipalSID":"S-1-5-21-3509477529-2169914037-1395257886-519","PrincipalType":"Group","RightName":"WriteDacl","IsInherited":false},{"PrincipalSID":"S-1-5-21-3509477529-2169914037-1395257886-519","PrincipalType":"Group","RightName":"WriteOwner","IsInherited":false},{"PrincipalSID":"S-1-5-21-3509477529-2169914037-1395257886-519","PrincipalType":"Group","RightName":"GenericWrite","IsInherited":false}],"ObjectIdentifier":"D3D65517-AE16-4C99-87AF-4E6D262FE859","IsDeleted":false,"IsACLProtected":true,"Properties":{"domain":"OFFSEC.NL","name":"DEFAULT DOMAIN POLICY@OFFSEC.NL","distinguishedname":"CN={31B2F340-016D-11D2-945F-00C04FB984F9},CN=POLICIES,CN=SYSTEM,DC=OFFSEC,DC=NL","domainsid":"S-1-5-21-3509477529-2169914037-1395257886","description":null,"whencreated":1644053650,"gpcpath":"\\\\OFFSEC.NL\\SYSVOL\\OFFSEC.NL\\POLICIES\\{31B2F340-016D-11D2-945F-00C04FB984F9}"}}],"meta":{"methods":29695,"type":"gpos","count":2,"version":4}}