﻿{"data":[{"ChildObjects":[{"ObjectIdentifier":"6F611E9B-8821-4664-87B8-56778535485A","ObjectType":"OU"},{"ObjectIdentifier":"59394547-FFB5-4FAC-A6A8-32992A8B8E25","ObjectType":"OU"},{"ObjectIdentifier":"10AB98B8-015B-413E-9E26-A31680AC3E9B","ObjectType":"Container"},{"ObjectIdentifier":"5F51CE5D-E641-4EFE-A9C2-EF71CA6F802C","ObjectType":"OU"},{"ObjectIdentifier":"5D0994D8-0585-492A-A66B-2832E25CA4A5","ObjectType":"Container"},{"ObjectIdentifier":"C5A1D113-1331-4F54-8DCE-7903384F1B1D","ObjectType":"OU"},{"ObjectIdentifier":"B2353C8C-FB3D-4175-A714-42D063A0A30E","ObjectType":"Container"},{"ObjectIdentifier":"869B83D0-DAF8-4E53-93E6-505D3B90356E","ObjectType":"Container"},{"ObjectIdentifier":"A8E15E8D-6745-41D0-8438-E4EB23DCBD4C","ObjectType":"OU"},{"ObjectIdentifier":"4B7A21D2-8571-4A06-A46C-F85179E44F35","ObjectType":"OU"},{"ObjectIdentifier":"1C993444-4330-46B6-AB42-92BA0946B6E8","ObjectType":"OU"},{"ObjectIdentifier":"3D46A6D1-E8C5-4A50-A212-AFC87970B63B","ObjectType":"OU"},{"ObjectIdentifier":"6641A848-DC0B-4BE4-B652-47692B921AFD","ObjectType":"OU"},{"ObjectIdentifier":"019A2909-B340-449D-98D2-4A44F0AEF4EA","ObjectType":"OU"},{"ObjectIdentifier":"0DD547AA-3A12-42CE-B152-5BCFD8022C4D","ObjectType":"Container"}],"Trusts":[],"Links":[{"IsEnforced":false,"GUID":"D3D65517-AE16-4C99-87AF-4E6D262FE859"}],"Aces":[{"PrincipalSID":"OFFSEC.NL-S-1-5-32-544","PrincipalType":"Group","RightName":"Owns","IsInherited":false},{"PrincipalSID":"OFFSEC.NL-S-1-5-32-544","PrincipalType":"Group","RightName":"WriteDacl","IsInherited":false},{"PrincipalSID":"OFFSEC.NL-S-1-5-32-544","PrincipalType":"Group","RightName":"WriteOwner","IsInherited":false},{"PrincipalSID":"OFFSEC.NL-S-1-5-32-544","PrincipalType":"Group","RightName":"AllExtendedRights","IsInherited":false},{"PrincipalSID":"S-1-5-21-3509477529-2169914037-1395257886-512","PrincipalType":"Group","RightName":"WriteDacl","IsInherited":false},{"PrincipalSID":"S-1-5-21-3509477529-2169914037-1395257886-512","PrincipalType":"Group","RightName":"WriteOwner","IsInherited":false},{"PrincipalSID":"S-1-5-21-3509477529-2169914037-1395257886-512","PrincipalType":"Group","RightName":"AllExtendedRights","IsInherited":false},{"PrincipalSID":"S-1-5-21-3509477529-2169914037-1395257886-519","PrincipalType":"Group","RightName":"GenericAll","IsInherited":false},{"PrincipalSID":"OFFSEC.NL-S-1-5-9","PrincipalType":"Group","RightName":"GetChanges","IsInherited":false},{"PrincipalSID":"OFFSEC.NL-S-1-5-32-544","PrincipalType":"Group","RightName":"GetChanges","IsInherited":false},{"PrincipalSID":"OFFSEC.NL-S-1-5-32-544","PrincipalType":"Group","RightName":"GetChangesAll","IsInherited":false},{"PrincipalSID":"S-1-5-21-3509477529-2169914037-1395257886-498","PrincipalType":"Group","RightName":"GetChanges","IsInherited":false},{"PrincipalSID":"S-1-5-21-3509477529-2169914037-1395257886-516","PrincipalType":"Group","RightName":"GetChangesAll","IsInherited":false}],"ObjectIdentifier":"S-1-5-21-3509477529-2169914037-1395257886","IsDeleted":false,"IsACLProtected":false,"GPOChanges":{"LocalAdmins":[],"RemoteDesktopUsers":[],"DcomUsers":[],"PSRemoteUsers":[],"AffectedComputers":[{"ObjectIdentifier":"S-1-5-21-3509477529-2169914037-1395257886-1000","ObjectType":"Computer"},{"ObjectIdentifier":"S-1-5-21-3509477529-2169914037-1395257886-4089","ObjectType":"Computer"},{"ObjectIdentifier":"S-1-5-21-3509477529-2169914037-1395257886-4090","ObjectType":"Computer"},{"ObjectIdentifier":"S-1-5-21-3509477529-2169914037-1395257886-4091","ObjectType":"Computer"},{"ObjectIdentifier":"S-1-5-21-3509477529-2169914037-1395257886-4092","ObjectType":"Computer"},{"ObjectIdentifier":"S-1-5-21-3509477529-2169914037-1395257886-4093","ObjectType":"Computer"},{"ObjectIdentifier":"S-1-5-21-3509477529-2169914037-1395257886-4094","ObjectType":"Computer"},{"ObjectIdentifier":"S-1-5-21-3509477529-2169914037-1395257886-4095","ObjectType":"Computer"},{"ObjectIdentifier":"S-1-5-21-3509477529-2169914037-1395257886-4096","ObjectType":"Computer"},{"ObjectIdentifier":"S-1-5-21-3509477529-2169914037-1395257886-4097","ObjectType":"Computer"},{"ObjectIdentifier":"S-1-5-21-3509477529-2169914037-1395257886-4098","ObjectType":"Computer"},{"ObjectIdentifier":"S-1-5-21-3509477529-2169914037-1395257886-4099","ObjectType":"Computer"},{"ObjectIdentifier":"S-1-5-21-3509477529-2169914037-1395257886-4100","ObjectType":"Computer"},{"ObjectIdentifier":"S-1-5-21-3509477529-2169914037-1395257886-4101","ObjectType":"Computer"},{"ObjectIdentifier":"S-1-5-21-3509477529-2169914037-1395257886-4102","ObjectType":"Computer"},{"ObjectIdentifier":"S-1-5-21-3509477529-2169914037-1395257886-4103","ObjectType":"Computer"},{"ObjectIdentifier":"S-1-5-21-3509477529-2169914037-1395257886-4104","ObjectType":"Computer"},{"ObjectIdentifier":"S-1-5-21-3509477529-2169914037-1395257886-4105","ObjectType":"Computer"},{"ObjectIdentifier":"S-1-5-21-3509477529-2169914037-1395257886-4106","ObjectType":"Computer"},{"ObjectIdentifier":"S-1-5-21-3509477529-2169914037-1395257886-4107","ObjectType":"Computer"},{"ObjectIdentifier":"S-1-5-21-3509477529-2169914037-1395257886-4108","ObjectType":"Computer"},{"ObjectIdentifier":"S-1-5-21-3509477529-2169914037-1395257886-4109","ObjectType":"Computer"},{"ObjectIdentifier":"S-1-5-21-3509477529-2169914037-1395257886-4110","ObjectType":"Computer"},{"ObjectIdentifier":"S-1-5-21-3509477529-2169914037-1395257886-4111","ObjectType":"Computer"},{"ObjectIdentifier":"S-1-5-21-3509477529-2169914037-1395257886-4112","ObjectType":"Computer"},{"ObjectIdentifier":"S-1-5-21-3509477529-2169914037-1395257886-4113","ObjectType":"Computer"},{"ObjectIdentifier":"S-1-5-21-3509477529-2169914037-1395257886-4114","ObjectType":"Computer"},{"ObjectIdentifier":"S-1-5-21-3509477529-2169914037-1395257886-4115","ObjectType":"Computer"},{"ObjectIdentifier":"S-1-5-21-3509477529-2169914037-1395257886-4116","ObjectType":"Computer"},{"ObjectIdentifier":"S-1-5-21-3509477529-2169914037-1395257886-4117","ObjectType":"Computer"},{"ObjectIdentifier":"S-1-5-21-3509477529-2169914037-1395257886-4118","ObjectType":"Computer"},{"ObjectIdentifier":"S-1-5-21-3509477529-2169914037-1395257886-4119","ObjectType":"Computer"},{"ObjectIdentifier":"S-1-5-21-3509477529-2169914037-1395257886-4120","ObjectType":"Computer"},{"ObjectIdentifier":"S-1-5-21-3509477529-2169914037-1395257886-4121","ObjectType":"Computer"},{"ObjectIdentifier":"S-1-5-21-3509477529-2169914037-1395257886-4122","ObjectType":"Computer"},{"ObjectIdentifier":"S-1-5-21-3509477529-2169914037-1395257886-4123","ObjectType":"Computer"},{"ObjectIdentifier":"S-1-5-21-3509477529-2169914037-1395257886-4124","ObjectType":"Computer"},{"ObjectIdentifier":"S-1-5-21-3509477529-2169914037-1395257886-4125","ObjectType":"Computer"},{"ObjectIdentifier":"S-1-5-21-3509477529-2169914037-1395257886-4126","ObjectType":"Computer"},{"ObjectIdentifier":"S-1-5-21-3509477529-2169914037-1395257886-4127","ObjectType":"Computer"},{"ObjectIdentifier":"S-1-5-21-3509477529-2169914037-1395257886-4128","ObjectType":"Computer"},{"ObjectIdentifier":"S-1-5-21-3509477529-2169914037-1395257886-4129","ObjectType":"Computer"},{"ObjectIdentifier":"S-1-5-21-3509477529-2169914037-1395257886-4130","ObjectType":"Computer"},{"ObjectIdentifier":"S-1-5-21-3509477529-2169914037-1395257886-4131","ObjectType":"Computer"},{"ObjectIdentifier":"S-1-5-21-3509477529-2169914037-1395257886-4132","ObjectType":"Computer"},{"ObjectIdentifier":"S-1-5-21-3509477529-2169914037-1395257886-4133","ObjectType":"Computer"},{"ObjectIdentifier":"S-1-5-21-3509477529-2169914037-1395257886-4134","ObjectType":"Computer"},{"ObjectIdentifier":"S-1-5-21-3509477529-2169914037-1395257886-4135","ObjectType":"Computer"},{"ObjectIdentifier":"S-1-5-21-3509477529-2169914037-1395257886-4136","ObjectType":"Computer"},{"ObjectIdentifier":"S-1-5-21-3509477529-2169914037-1395257886-4137","ObjectType":"Computer"},{"ObjectIdentifier":"S-1-5-21-3509477529-2169914037-1395257886-4138","ObjectType":"Computer"},{"ObjectIdentifier":"S-1-5-21-3509477529-2169914037-1395257886-4139","ObjectType":"Computer"},{"ObjectIdentifier":"S-1-5-21-3509477529-2169914037-1395257886-4140","ObjectType":"Computer"},{"ObjectIdentifier":"S-1-5-21-3509477529-2169914037-1395257886-4141","ObjectType":"Computer"},{"ObjectIdentifier":"S-1-5-21-3509477529-2169914037-1395257886-4142","ObjectType":"Computer"},{"ObjectIdentifier":"S-1-5-21-3509477529-2169914037-1395257886-4143","ObjectType":"Computer"},{"ObjectIdentifier":"S-1-5-21-3509477529-2169914037-1395257886-4144","ObjectType":"Computer"},{"ObjectIdentifier":"S-1-5-21-3509477529-2169914037-1395257886-4145","ObjectType":"Computer"},{"ObjectIdentifier":"S-1-5-21-3509477529-2169914037-1395257886-4146","ObjectType":"Computer"},{"ObjectIdentifier":"S-1-5-21-3509477529-2169914037-1395257886-4147","ObjectType":"Computer"},{"ObjectIdentifier":"S-1-5-21-3509477529-2169914037-1395257886-4148","ObjectType":"Computer"},{"ObjectIdentifier":"S-1-5-21-3509477529-2169914037-1395257886-4149","ObjectType":"Computer"},{"ObjectIdentifier":"S-1-5-21-3509477529-2169914037-1395257886-4150","ObjectType":"Computer"},{"ObjectIdentifier":"S-1-5-21-3509477529-2169914037-1395257886-4151","ObjectType":"Computer"},{"ObjectIdentifier":"S-1-5-21-3509477529-2169914037-1395257886-4152","ObjectType":"Computer"},{"ObjectIdentifier":"S-1-5-21-3509477529-2169914037-1395257886-4153","ObjectType":"Computer"},{"ObjectIdentifier":"S-1-5-21-3509477529-2169914037-1395257886-4154","ObjectType":"Computer"},{"ObjectIdentifier":"S-1-5-21-3509477529-2169914037-1395257886-4155","ObjectType":"Computer"},{"ObjectIdentifier":"S-1-5-21-3509477529-2169914037-1395257886-4156","ObjectType":"Computer"},{"ObjectIdentifier":"S-1-5-21-3509477529-2169914037-1395257886-4157","ObjectType":"Computer"},{"ObjectIdentifier":"S-1-5-21-3509477529-2169914037-1395257886-4158","ObjectType":"Computer"},{"ObjectIdentifier":"S-1-5-21-3509477529-2169914037-1395257886-4159","ObjectType":"Computer"},{"ObjectIdentifier":"S-1-5-21-3509477529-2169914037-1395257886-4160","ObjectType":"Computer"},{"ObjectIdentifier":"S-1-5-21-3509477529-2169914037-1395257886-4161","ObjectType":"Computer"},{"ObjectIdentifier":"S-1-5-21-3509477529-2169914037-1395257886-4162","ObjectType":"Computer"},{"ObjectIdentifier":"S-1-5-21-3509477529-2169914037-1395257886-4163","ObjectType":"Computer"},{"ObjectIdentifier":"S-1-5-21-3509477529-2169914037-1395257886-4164","ObjectType":"Computer"},{"ObjectIdentifier":"S-1-5-21-3509477529-2169914037-1395257886-4165","ObjectType":"Computer"},{"ObjectIdentifier":"S-1-5-21-3509477529-2169914037-1395257886-4166","ObjectType":"Computer"},{"ObjectIdentifier":"S-1-5-21-3509477529-2169914037-1395257886-4167","ObjectType":"Computer"},{"ObjectIdentifier":"S-1-5-21-3509477529-2169914037-1395257886-4168","ObjectType":"Computer"},{"ObjectIdentifier":"S-1-5-21-3509477529-2169914037-1395257886-4169","ObjectType":"Computer"},{"ObjectIdentifier":"S-1-5-21-3509477529-2169914037-1395257886-4170","ObjectType":"Computer"},{"ObjectIdentifier":"S-1-5-21-3509477529-2169914037-1395257886-4171","ObjectType":"Computer"},{"ObjectIdentifier":"S-1-5-21-3509477529-2169914037-1395257886-4172","ObjectType":"Computer"},{"ObjectIdentifier":"S-1-5-21-3509477529-2169914037-1395257886-4173","ObjectType":"Computer"},{"ObjectIdentifier":"S-1-5-21-3509477529-2169914037-1395257886-4174","ObjectType":"Computer"},{"ObjectIdentifier":"S-1-5-21-3509477529-2169914037-1395257886-4175","ObjectType":"Computer"},{"ObjectIdentifier":"S-1-5-21-3509477529-2169914037-1395257886-4176","ObjectType":"Computer"},{"ObjectIdentifier":"S-1-5-21-3509477529-2169914037-1395257886-4177","ObjectType":"Computer"},{"ObjectIdentifier":"S-1-5-21-3509477529-2169914037-1395257886-4178","ObjectType":"Computer"},{"ObjectIdentifier":"S-1-5-21-3509477529-2169914037-1395257886-4179","ObjectType":"Computer"},{"ObjectIdentifier":"S-1-5-21-3509477529-2169914037-1395257886-4180","ObjectType":"Computer"},{"ObjectIdentifier":"S-1-5-21-3509477529-2169914037-1395257886-4181","ObjectType":"Computer"},{"ObjectIdentifier":"S-1-5-21-3509477529-2169914037-1395257886-4182","ObjectType":"Computer"},{"ObjectIdentifier":"S-1-5-21-3509477529-2169914037-1395257886-4183","ObjectType":"Computer"},{"ObjectIdentifier":"S-1-5-21-3509477529-2169914037-1395257886-4184","ObjectType":"Computer"},{"ObjectIdentifier":"S-1-5-21-3509477529-2169914037-1395257886-4185","ObjectType":"Computer"},{"ObjectIdentifier":"S-1-5-21-3509477529-2169914037-1395257886-4186","ObjectType":"Computer"},{"ObjectIdentifier":"S-1-5-21-3509477529-2169914037-1395257886-4187","ObjectType":"Computer"},{"ObjectIdentifier":"S-1-5-21-3509477529-2169914037-1395257886-4188","ObjectType":"Computer"},{"ObjectIdentifier":"S-1-5-21-3509477529-2169914037-1395257886-4601","ObjectType":"Computer"},{"ObjectIdentifier":"S-1-5-21-3509477529-2169914037-1395257886-4602","ObjectType":"Computer"}]},"Properties":{"domain":"OFFSEC.NL","name":"OFFSEC.NL","distinguishedname":"DC=OFFSEC,DC=NL","domainsid":"S-1-5-21-3509477529-2169914037-1395257886","description":null,"whencreated":1644053634,"functionallevel":"2016"}}],"meta":{"methods":29695,"type":"domains","count":1,"version":4}}